filename,urban,pred_wo_abstention,pred_with_abstention
image1056.npz,False,-1,0
image15407.npz,False,-1,0
image12683.npz,True,1,0
image14800.npz,True,-1,0
image8036.npz,True,1,0
image3033.npz,True,-1,0
image14660.npz,False,-1,0
image7941.npz,False,1,0
image7347.npz,True,1,0
image15260.npz,True,1,0
image17248.npz,False,1,0
image177.npz,True,1,0
image2918.npz,False,1,0
image18873.npz,True,-1,0
image1216.npz,False,1,0
image17881.npz,False,1,1
image16419.npz,False,1,0
image7231.npz,False,-1,0
image13663.npz,False,1,0
image2680.npz,True,-1,0
image13514.npz,False,1,1
image14493.npz,False,1,0
image6378.npz,False,-1,-1
image2814.npz,False,-1,0
image5048.npz,False,1,0
image2444.npz,False,-1,0
image5377.npz,False,-1,0
image11650.npz,False,1,0
image16615.npz,False,-1,0
image6243.npz,False,1,0
image9567.npz,False,1,0
image768.npz,False,-1,0
image9975.npz,False,-1,0
image8441.npz,False,1,0
image1499.npz,False,1,0
image1624.npz,False,-1,0
image10911.npz,False,-1,0
image11767.npz,False,1,1
image18111.npz,False,1,0
image7228.npz,False,-1,0
image10364.npz,False,1,0
image7800.npz,True,1,0
image17448.npz,True,-1,0
image7262.npz,True,1,0
image812.npz,True,1,1
image3139.npz,True,-1,0
image11262.npz,True,-1,0
image13530.npz,True,1,0
image6785.npz,True,-1,0
image12332.npz,False,1,0
image9717.npz,True,-1,0
image19097.npz,True,1,0
image14230.npz,True,-1,0
image9284.npz,False,1,0
image12917.npz,False,1,0
image18480.npz,True,-1,0
image9053.npz,False,1,0
image14102.npz,False,1,0
image15114.npz,False,1,0
image16777.npz,False,1,0
image12271.npz,True,1,0
image7482.npz,True,-1,0
image910.npz,False,1,0
image13001.npz,False,1,0
image5255.npz,False,-1,0
image15382.npz,True,1,0
image1079.npz,True,-1,0
image13780.npz,True,1,0
image104.npz,True,-1,0
image17969.npz,True,-1,0
image1092.npz,True,1,0
image5884.npz,True,1,0
image5178.npz,False,1,0
image14853.npz,False,-1,0
image7841.npz,False,1,0
image11617.npz,False,1,0
image19479.npz,True,1,0
image10934.npz,False,-1,0
image14749.npz,True,1,0
image646.npz,True,-1,0
image506.npz,True,-1,0
image9130.npz,True,1,0
image16862.npz,True,1,0
image17089.npz,True,1,0
image10270.npz,True,1,0
image10797.npz,True,1,0
image14468.npz,True,-1,-1
image145.npz,True,1,0
image4186.npz,True,-1,-1
image13347.npz,True,-1,0
image6015.npz,True,1,0
image4183.npz,True,-1,0
image11289.npz,True,1,0
image17909.npz,True,1,0
image16899.npz,True,-1,0
image1139.npz,True,-1,0
image3810.npz,True,-1,0
image1116.npz,True,-1,0
image15269.npz,True,1,0
image2336.npz,True,1,0
image13469.npz,True,-1,0
image344.npz,False,1,0
image5009.npz,True,1,0
image6720.npz,True,1,1
image12750.npz,False,1,0
image13998.npz,False,1,0
image19335.npz,False,-1,0
image1195.npz,True,-1,-1
image12469.npz,True,-1,0
image18738.npz,False,1,1
image9659.npz,False,1,1
image2878.npz,False,-1,0
image12354.npz,False,1,0
image9930.npz,True,-1,-1
image15955.npz,True,-1,0
image16308.npz,False,-1,0
image5228.npz,True,1,0
image1643.npz,True,1,0
image315.npz,True,-1,0
image9478.npz,True,-1,0
image12233.npz,True,1,0
image1307.npz,True,-1,0
image7257.npz,True,1,0
image9713.npz,True,-1,0
image5318.npz,True,-1,0
image7542.npz,False,1,1
image2687.npz,True,-1,0
image5297.npz,False,-1,0
image9115.npz,False,1,0
image3104.npz,True,1,0
image12221.npz,False,-1,0
image7637.npz,True,1,0
image2355.npz,False,-1,0
image18345.npz,True,-1,0
image4811.npz,True,-1,0
image5973.npz,False,1,0
image4710.npz,True,1,0
image10779.npz,True,1,0
image17310.npz,True,1,1
image4351.npz,False,1,0
image8154.npz,False,-1,0
image962.npz,True,1,0
image4755.npz,False,-1,0
image14529.npz,False,-1,0
image4575.npz,False,-1,0
image2141.npz,True,1,0
image7920.npz,False,1,0
image9327.npz,False,1,0
image19517.npz,True,1,0
image977.npz,False,1,0
image5728.npz,False,-1,0
image16140.npz,True,-1,0
image14288.npz,False,1,0
image14817.npz,False,1,0
image11088.npz,True,-1,0
image5634.npz,False,-1,0
image4195.npz,True,1,0
image19531.npz,False,1,0
image5592.npz,True,1,0
image14659.npz,False,1,0
image15196.npz,False,1,0
image14836.npz,False,1,0
image9518.npz,True,1,1
image14689.npz,False,1,0
image15974.npz,True,-1,0
image19118.npz,False,1,0
image8147.npz,True,-1,0
image17686.npz,True,-1,0
image17405.npz,False,1,0
image2548.npz,False,1,0
image4287.npz,False,-1,0
image18232.npz,True,1,0
image17192.npz,False,-1,0
image18294.npz,False,-1,0
image6541.npz,False,1,0
image2691.npz,False,1,0
image1840.npz,True,1,1
image14879.npz,False,-1,0
image16099.npz,False,-1,0
image7037.npz,False,-1,-1
image12656.npz,True,-1,0
image14642.npz,False,1,0
image1208.npz,False,-1,0
image14003.npz,True,-1,-1
image5063.npz,True,-1,0
image16926.npz,True,1,0
image4235.npz,True,-1,0
image2314.npz,True,-1,0
image1230.npz,True,-1,0
image17420.npz,False,1,0
image3618.npz,False,-1,0
image15265.npz,False,-1,0
image19534.npz,False,-1,0
image13812.npz,False,1,0
image16519.npz,False,-1,0
image7923.npz,False,-1,0
image2212.npz,False,-1,-1
image17160.npz,False,-1,0
image8255.npz,False,1,0
image3986.npz,True,-1,0
image14521.npz,False,-1,0
image11933.npz,False,-1,-1
image4272.npz,True,-1,0
image8091.npz,False,-1,0
image1419.npz,False,-1,0
image10086.npz,False,-1,0
image1778.npz,False,1,0
image15282.npz,False,1,1
image19055.npz,True,1,0
image19609.npz,False,1,0
image6028.npz,True,-1,-1
image18886.npz,False,1,1
image15210.npz,False,1,1
image2119.npz,False,-1,0
image13399.npz,True,1,0
image6513.npz,False,1,0
image8987.npz,False,-1,0
image17755.npz,False,1,1
image17724.npz,True,-1,0
image8493.npz,False,-1,0
image615.npz,False,-1,0
image538.npz,False,-1,0
image18694.npz,True,1,0
image8244.npz,True,1,0
image2046.npz,True,-1,0
image3497.npz,False,1,0
image19300.npz,False,-1,0
image3797.npz,False,-1,0
image4798.npz,True,-1,0
image5836.npz,False,1,0
image11272.npz,False,-1,0
image18904.npz,False,-1,0
image2153.npz,False,-1,0
image15018.npz,True,1,0
image18920.npz,False,1,0
image4477.npz,False,1,0
image18766.npz,False,-1,0
image14443.npz,False,-1,0
image9013.npz,False,1,0
image11894.npz,False,-1,0
image16625.npz,False,1,0
image4308.npz,False,-1,0
image17131.npz,False,-1,0
image6758.npz,True,1,0
image8568.npz,False,-1,0
image15082.npz,False,-1,0
image8854.npz,False,1,1
image19505.npz,False,1,0
image15551.npz,False,-1,0
image17273.npz,False,1,0
image16432.npz,False,1,0
image9158.npz,False,-1,0
image2030.npz,True,-1,0
image5109.npz,True,1,0
image16735.npz,True,1,0
image7072.npz,False,-1,-1
image3867.npz,False,-1,-1
image2733.npz,False,1,0
image2334.npz,False,1,0
image1166.npz,True,1,0
image11434.npz,False,-1,0
image15012.npz,True,1,0
image18933.npz,True,-1,0
image3441.npz,False,-1,0
image16503.npz,True,1,1
image12339.npz,False,1,0
image12732.npz,False,1,0
image9024.npz,True,1,0
image17111.npz,False,-1,0
image11358.npz,False,1,0
image6357.npz,False,1,0
image10971.npz,False,-1,0
image13428.npz,True,1,0
image14261.npz,False,1,0
image7722.npz,False,1,0
image5380.npz,False,1,1
image5086.npz,False,-1,0
image7574.npz,True,1,1
image2323.npz,True,1,0
image11622.npz,False,1,0
image16776.npz,True,1,0
image10974.npz,False,1,1
image2631.npz,True,-1,0
image3887.npz,False,1,1
image16817.npz,True,-1,0
image4984.npz,True,1,0
image5793.npz,False,1,0
image16353.npz,False,1,0
image6267.npz,True,-1,0
image2234.npz,True,-1,0
image12249.npz,True,1,0
image13006.npz,False,1,0
image9210.npz,False,1,0
image1740.npz,False,-1,0
image14152.npz,True,1,1
image2391.npz,False,1,0
image3093.npz,False,-1,0
image7147.npz,False,-1,0
image11124.npz,False,-1,0
image9015.npz,True,1,0
image8566.npz,True,1,0
image1885.npz,True,1,0
image7609.npz,False,-1,0
image15980.npz,True,-1,0
image19438.npz,True,-1,0
image16784.npz,True,1,0
image8142.npz,True,-1,0
image5781.npz,False,-1,0
image6657.npz,True,-1,0
image2376.npz,True,1,1
image16931.npz,True,-1,0
image17215.npz,False,1,0
image8039.npz,False,1,1
image3194.npz,False,-1,0
image3035.npz,False,-1,0
image17341.npz,True,1,1
image15661.npz,True,-1,0
image17703.npz,False,-1,0
image7925.npz,False,-1,0
image5119.npz,False,-1,0
image1528.npz,False,1,1
image10288.npz,False,1,0
image1569.npz,False,1,0
image10400.npz,False,-1,0
image8449.npz,True,-1,0
image11018.npz,False,-1,0
image17579.npz,True,-1,0
image10424.npz,True,-1,0
image6991.npz,False,-1,0
image2227.npz,False,-1,0
image2800.npz,False,-1,0
image9600.npz,False,1,0
image15558.npz,True,-1,0
image17661.npz,False,-1,0
image14132.npz,False,1,0
image6330.npz,False,-1,0
image10283.npz,True,-1,0
image320.npz,True,1,1
image8277.npz,False,-1,0
image13434.npz,False,1,0
image886.npz,False,-1,0
image19060.npz,False,-1,0
image11723.npz,False,1,0
image13066.npz,True,-1,0
image8203.npz,True,1,0
image13496.npz,False,1,1
image10049.npz,True,1,0
image6151.npz,False,1,0
image14050.npz,False,-1,0
image3659.npz,False,1,0
image5596.npz,False,-1,0
image17721.npz,True,1,0
image2035.npz,True,1,0
image17102.npz,True,-1,0
image7061.npz,True,1,0
image9271.npz,True,-1,0
image12157.npz,False,-1,0
image12838.npz,False,-1,0
image12900.npz,False,1,0
image10406.npz,True,-1,0
image8537.npz,True,-1,0
image10596.npz,False,-1,-1
image19176.npz,True,1,0
image13977.npz,True,1,0
image16742.npz,True,-1,-1
image5612.npz,True,-1,-1
image10811.npz,True,1,0
image4156.npz,True,-1,0
image12345.npz,False,-1,0
image11211.npz,False,1,1
image2501.npz,False,-1,0
image9688.npz,False,-1,0
image14334.npz,False,-1,0
image334.npz,True,-1,0
image15973.npz,False,1,1
image5739.npz,True,-1,0
image782.npz,True,-1,0
image10623.npz,True,1,0
image18851.npz,True,1,1
image4541.npz,False,-1,0
image1603.npz,False,-1,0
image10268.npz,True,-1,-1
image9231.npz,True,1,0
image1811.npz,True,-1,0
image5813.npz,True,-1,0
image10269.npz,True,-1,0
image1750.npz,True,-1,0
image3068.npz,True,1,0
image4350.npz,True,-1,0
image484.npz,False,-1,0
image19221.npz,True,-1,0
image11016.npz,False,1,0
image17237.npz,False,1,0
image18796.npz,True,1,0
image4033.npz,True,1,0
image11173.npz,True,-1,0
image9257.npz,True,-1,0
image11694.npz,False,-1,0
image6701.npz,True,1,0
image11982.npz,True,1,1
image111.npz,False,1,0
image6482.npz,True,1,0
image6672.npz,True,1,0
image1672.npz,True,1,1
image4752.npz,True,1,0
image11830.npz,True,1,0
image7890.npz,True,-1,0
image5476.npz,False,1,0
image3182.npz,True,-1,-1
image18983.npz,True,1,0
image4384.npz,True,1,1
image2361.npz,False,-1,0
image11599.npz,True,-1,0
image15419.npz,True,1,0
image11591.npz,True,-1,0
image9222.npz,False,-1,0
image15692.npz,True,-1,0
image9529.npz,True,-1,0
image5410.npz,True,-1,0
image15741.npz,True,-1,0
image12436.npz,False,-1,0
image18466.npz,True,1,0
image4734.npz,True,1,0
image17705.npz,False,-1,0
image8022.npz,True,1,0
image3951.npz,True,1,0
image15417.npz,True,1,1
image9588.npz,True,1,0
image15671.npz,False,1,0
image18487.npz,True,-1,0
image605.npz,True,1,0
image18449.npz,False,1,0
image18017.npz,False,-1,0
image13874.npz,True,-1,0
image19566.npz,False,-1,0
image4476.npz,False,1,0
image15253.npz,False,-1,0
image12237.npz,True,1,0
image16407.npz,True,-1,-1
image922.npz,False,1,0
image11999.npz,False,1,0
image7148.npz,False,1,1
image15695.npz,False,1,0
image8653.npz,False,1,0
image6036.npz,False,1,0
image3229.npz,False,1,0
image15503.npz,True,-1,0
image4707.npz,True,1,0
image15781.npz,True,1,0
image792.npz,True,-1,0
image8953.npz,True,1,0
image16975.npz,True,-1,0
image6842.npz,True,-1,0
image16174.npz,True,-1,0
image10152.npz,True,-1,0
image1251.npz,False,1,0
image11015.npz,True,1,0
image4063.npz,True,1,0
image1089.npz,True,1,0
image11774.npz,True,1,1
image5133.npz,True,-1,0
image1453.npz,True,-1,0
image9842.npz,True,1,0
image6191.npz,False,1,0
image7863.npz,True,1,1
image1657.npz,True,-1,0
image4035.npz,True,-1,0
image18299.npz,False,-1,0
image19305.npz,True,-1,0
image1258.npz,False,-1,0
image19255.npz,True,-1,0
image4349.npz,True,-1,0
image15078.npz,True,1,0
image8625.npz,False,1,0
image17606.npz,True,-1,0
image3113.npz,False,1,0
image17676.npz,True,1,0
image2820.npz,False,-1,0
image17932.npz,True,1,0
image1706.npz,False,-1,0
image17306.npz,True,-1,0
image8369.npz,False,1,0
image13892.npz,False,1,0
image3627.npz,False,1,0
image358.npz,False,1,0
image1109.npz,False,-1,0
image15133.npz,False,-1,0
image18697.npz,False,-1,0
image9637.npz,False,-1,0
image10618.npz,False,-1,0
image2577.npz,True,1,0
image5035.npz,True,-1,0
image2778.npz,False,-1,0
image10491.npz,True,1,0
image12192.npz,False,1,1
image11537.npz,True,1,0
image459.npz,True,1,0
image5556.npz,False,1,1
image13635.npz,False,-1,0
image10706.npz,True,1,0
image17061.npz,False,1,0
image7074.npz,False,-1,0
image4614.npz,False,-1,0
image17163.npz,False,-1,0
image2139.npz,False,1,0
image4335.npz,False,1,0
image13880.npz,False,1,0
image678.npz,False,1,0
image12837.npz,False,1,0
image8741.npz,False,-1,-1
image12010.npz,False,-1,0
image16428.npz,True,-1,0
image11953.npz,True,1,0
image8308.npz,True,-1,0
image15398.npz,True,-1,-1
image15787.npz,False,1,0
image11786.npz,False,1,0
image733.npz,True,-1,0
image7017.npz,True,1,0
image6633.npz,False,1,0
image15160.npz,False,1,0
image1399.npz,False,1,0
image12312.npz,False,1,0
image18525.npz,False,-1,0
image14169.npz,False,1,0
image16981.npz,False,1,0
image5531.npz,False,-1,0
image428.npz,False,-1,0
image6498.npz,False,-1,0
image14257.npz,False,-1,0
image5288.npz,True,-1,0
image800.npz,False,1,1
image16164.npz,False,-1,0
image7353.npz,True,1,0
image19317.npz,False,-1,0
image5332.npz,False,1,0
image16664.npz,True,1,0
image19402.npz,True,1,0
image5239.npz,False,-1,0
image5718.npz,True,1,0
image7933.npz,False,-1,0
image11105.npz,True,-1,0
image2759.npz,False,-1,-1
image1839.npz,False,-1,-1
image16204.npz,False,-1,0
image1422.npz,False,-1,0
image1769.npz,True,-1,0
image17483.npz,False,1,0
image16924.npz,True,1,0
image7524.npz,False,-1,0
image6555.npz,False,1,0
image8875.npz,False,1,1
image1675.npz,False,1,0
image6635.npz,False,1,1
image2432.npz,True,1,0
image1373.npz,False,1,0
image11762.npz,False,1,0
image8952.npz,False,1,0
image4260.npz,False,1,0
image9516.npz,False,-1,0
image10411.npz,True,1,0
image13241.npz,False,1,0
image1846.npz,True,-1,0
image18118.npz,True,-1,0
image5335.npz,True,1,0
image11545.npz,False,-1,0
image730.npz,True,1,0
image10046.npz,True,-1,0
image9932.npz,True,-1,-1
image6287.npz,True,1,1
image9821.npz,True,-1,0
image7788.npz,True,-1,0
image18192.npz,True,1,1
image4317.npz,True,-1,0
image692.npz,False,1,0
image338.npz,True,-1,0
image11198.npz,True,1,0
image8275.npz,False,1,1
image8548.npz,True,-1,0
image16350.npz,False,-1,-1
image18794.npz,False,1,0
image19209.npz,False,-1,0
image15679.npz,False,1,0
image10345.npz,False,-1,0
image18514.npz,True,1,0
image14154.npz,True,1,0
image13912.npz,False,1,0
image153.npz,False,1,1
image17499.npz,True,1,0
image2885.npz,True,1,0
image13161.npz,True,1,1
image6893.npz,False,-1,0
image7314.npz,False,1,0
image15944.npz,False,-1,0
image7005.npz,False,1,1
image14140.npz,True,-1,0
image4009.npz,True,1,0
image9207.npz,True,-1,0
image2008.npz,True,1,0
image2985.npz,False,-1,0
image7127.npz,False,-1,0
image18637.npz,False,-1,0
image12571.npz,False,1,0
image13595.npz,False,1,1
image16693.npz,True,-1,0
image16537.npz,True,-1,0
image17803.npz,False,-1,0
image5886.npz,False,1,0
image11405.npz,True,-1,0
image607.npz,False,-1,0
image1617.npz,True,-1,0
image10291.npz,False,-1,0
image11600.npz,False,1,0
image9934.npz,False,-1,0
image6186.npz,False,1,0
image3471.npz,False,-1,0
image2655.npz,True,-1,0
image16607.npz,True,-1,0
image10204.npz,False,-1,0
image4502.npz,False,1,0
image4976.npz,True,1,0
image2050.npz,False,-1,0
image12511.npz,False,-1,0
image11548.npz,True,-1,0
image18598.npz,True,-1,0
image16159.npz,False,-1,0
image10102.npz,False,-1,0
image15648.npz,False,-1,0
image815.npz,False,-1,0
image17921.npz,False,1,0
image5621.npz,False,1,1
image17682.npz,False,1,0
image12096.npz,False,1,0
image17773.npz,True,1,0
image5623.npz,True,-1,0
image19018.npz,False,1,0
image11848.npz,False,1,1
image4605.npz,True,-1,0
image8439.npz,False,-1,-1
image7404.npz,False,-1,0
image19132.npz,False,1,0
image15446.npz,False,1,0
image972.npz,False,1,0
image8995.npz,True,-1,0
image9451.npz,True,-1,0
image9002.npz,False,-1,0
image12825.npz,False,-1,0
image5092.npz,False,1,0
image5647.npz,False,-1,0
image11083.npz,False,-1,0
image14153.npz,False,-1,0
image3626.npz,False,-1,0
image14160.npz,False,-1,0
image13470.npz,False,1,0
image6234.npz,False,-1,0
image14942.npz,False,1,1
image3852.npz,False,-1,0
image7724.npz,False,1,0
image6000.npz,True,1,0
image17502.npz,True,-1,-1
image13081.npz,True,1,0
image7439.npz,True,1,0
image13950.npz,True,-1,0
image2536.npz,True,1,0
image1212.npz,True,1,0
image19246.npz,True,-1,0
image15393.npz,True,1,0
image8849.npz,True,1,0
image19635.npz,True,-1,0
image15184.npz,True,-1,0
image7768.npz,False,-1,0
image18571.npz,True,-1,0
image12384.npz,False,1,0
image17347.npz,False,1,0
image5725.npz,False,-1,0
image8463.npz,True,1,0
image675.npz,False,1,0
image17601.npz,True,1,0
image13323.npz,False,1,0
image14925.npz,True,1,0
image11218.npz,True,-1,0
image3011.npz,False,1,0
image11041.npz,True,-1,-1
image11485.npz,False,-1,0
image1668.npz,False,1,0
image5093.npz,False,1,0
image15053.npz,False,1,0
image12721.npz,False,1,0
image17117.npz,False,1,0
image4807.npz,False,-1,0
image2060.npz,False,1,0
image13654.npz,True,-1,0
image4204.npz,False,1,1
image18818.npz,False,-1,0
image5665.npz,True,-1,0
image2744.npz,True,1,0
image10683.npz,False,-1,0
image6826.npz,True,-1,0
image13388.npz,False,-1,0
image14905.npz,True,-1,0
image5303.npz,False,-1,0
image8050.npz,False,1,0
image16858.npz,False,1,0
image11482.npz,False,-1,0
image2350.npz,True,-1,0
image3100.npz,False,-1,-1
image3643.npz,True,-1,0
image11205.npz,False,-1,0
image17616.npz,False,1,0
image16827.npz,True,1,0
image17925.npz,False,1,0
image15172.npz,False,-1,0
image6530.npz,False,-1,0
image12379.npz,True,-1,0
image3419.npz,False,-1,-1
image16910.npz,False,1,0
image18093.npz,False,-1,0
image13492.npz,False,1,0
image11971.npz,True,-1,0
image1726.npz,True,-1,0
image8782.npz,False,-1,0
image530.npz,True,-1,0
image2174.npz,True,-1,0
image4319.npz,False,-1,-1
image14025.npz,False,1,0
image11469.npz,False,1,0
image19045.npz,True,1,0
image7764.npz,False,-1,0
image5304.npz,False,-1,0
image16214.npz,True,-1,0
image17343.npz,False,1,1
image16559.npz,False,1,0
image5669.npz,False,-1,0
image11645.npz,False,1,0
image5431.npz,True,1,1
image4485.npz,False,-1,0
image1693.npz,False,1,0
image697.npz,False,1,1
image12946.npz,False,1,0
image4356.npz,False,-1,0
image7785.npz,False,1,0
image10969.npz,False,-1,0
image11594.npz,False,1,0
image16143.npz,False,-1,0
image18532.npz,False,1,0
image3377.npz,False,-1,0
image13436.npz,False,1,0
image17634.npz,False,1,0
image6867.npz,False,-1,0
image5838.npz,False,-1,0
image19005.npz,False,1,0
image11457.npz,False,-1,0
image12692.npz,False,-1,-1
image9820.npz,False,1,0
image16499.npz,False,-1,0
image9264.npz,True,-1,0
image5551.npz,True,1,1
image7052.npz,True,-1,-1
image16725.npz,True,1,0
image15544.npz,False,1,0
image489.npz,True,-1,-1
image4494.npz,True,-1,0
image3531.npz,True,1,1
image19147.npz,False,1,0
image15901.npz,False,1,1
image2825.npz,False,1,0
image4531.npz,False,1,0
image12587.npz,False,1,0
image11952.npz,False,1,0
image12169.npz,False,-1,0
image2331.npz,False,-1,0
image11669.npz,False,1,0
image658.npz,False,-1,0
image398.npz,True,-1,0
image7409.npz,False,1,0
image13532.npz,False,-1,0
image3984.npz,False,1,1
image15166.npz,False,1,0
image13739.npz,True,-1,0
image3277.npz,False,-1,0
image17858.npz,True,1,0
image19486.npz,True,1,1
image2570.npz,False,-1,0
image2682.npz,False,1,0
image8917.npz,False,1,0
image16824.npz,False,-1,0
image116.npz,False,-1,0
image18699.npz,False,-1,0
image1189.npz,False,1,0
image5439.npz,False,-1,0
image5821.npz,True,1,0
image2161.npz,True,1,0
image13216.npz,True,1,0
image12368.npz,True,-1,0
image11386.npz,False,-1,0
image16247.npz,True,-1,0
image219.npz,True,1,0
image699.npz,True,1,0
image12792.npz,True,1,0
image13873.npz,True,1,0
image10303.npz,True,1,0
image12456.npz,True,1,0
image8823.npz,True,-1,0
image3784.npz,True,-1,0
image16348.npz,True,1,1
image9090.npz,False,1,0
image14999.npz,False,-1,0
image8473.npz,False,-1,0
image467.npz,False,1,0
image17258.npz,False,-1,0
image7073.npz,False,-1,0
image18895.npz,True,-1,0
image12174.npz,True,1,0
image7109.npz,False,1,0
image9414.npz,False,-1,0
image17844.npz,True,-1,0
image7370.npz,False,1,0
image4096.npz,False,1,0
image5010.npz,False,1,0
image7987.npz,False,1,0
image17848.npz,False,-1,0
image1467.npz,False,1,1
image14948.npz,False,1,0
image5275.npz,False,1,0
image14653.npz,False,1,0
image17047.npz,False,-1,0
image3399.npz,True,-1,0
image184.npz,False,1,0
image18686.npz,False,1,0
image388.npz,False,1,0
image7388.npz,False,-1,0
image17438.npz,True,-1,0
image5752.npz,False,1,0
image10853.npz,True,-1,0
image19481.npz,False,1,0
image9773.npz,False,-1,0
image12681.npz,True,1,0
image470.npz,True,1,0
image5670.npz,False,1,0
image19662.npz,False,1,0
image13641.npz,False,-1,-1
image10465.npz,True,1,0
image15968.npz,False,1,0
image10347.npz,False,-1,0
image17002.npz,False,1,0
image19223.npz,False,-1,0
image9265.npz,True,1,0
image15914.npz,False,1,0
image18089.npz,False,1,0
image2386.npz,False,-1,0
image6741.npz,False,-1,0
image15128.npz,False,-1,0
image17033.npz,False,-1,0
image16597.npz,False,-1,0
image16343.npz,False,-1,0
image2154.npz,False,-1,0
image1416.npz,False,1,0
image17450.npz,False,1,1
image18923.npz,False,-1,0
image6569.npz,False,1,0
image11869.npz,False,-1,0
image16666.npz,True,-1,0
image1337.npz,True,1,0
image1918.npz,True,-1,0
image11095.npz,True,1,0
image7717.npz,False,-1,-1
image10761.npz,False,1,0
image13579.npz,True,1,0
image115.npz,False,1,0
image3549.npz,False,1,0
image14577.npz,True,1,0
image10413.npz,False,1,0
image17276.npz,False,1,0
image12905.npz,False,1,1
image16481.npz,False,-1,0
image13389.npz,False,1,0
image12153.npz,True,-1,-1
image15191.npz,False,1,0
image8763.npz,False,1,0
image13220.npz,False,-1,0
image13991.npz,False,1,0
image4901.npz,False,-1,0
image1205.npz,False,1,0
image5657.npz,False,-1,0
image4982.npz,False,-1,0
image6586.npz,False,-1,0
image18656.npz,True,1,0
image2666.npz,True,1,0
image6855.npz,False,-1,-1
image18961.npz,False,-1,0
image18209.npz,False,1,0
image9094.npz,False,1,0
image6432.npz,False,1,0
image517.npz,False,-1,0
image12546.npz,False,-1,0
image4471.npz,False,-1,0
image18148.npz,False,1,0
image12818.npz,True,-1,0
image17479.npz,True,-1,-1
image14841.npz,True,-1,-1
image7340.npz,True,-1,0
image4530.npz,True,-1,0
image14504.npz,True,1,0
image9238.npz,True,1,0
image8138.npz,True,1,0
image13779.npz,True,-1,0
image9995.npz,False,-1,0
image11730.npz,False,1,0
image4105.npz,True,-1,0
image19404.npz,False,1,0
image4586.npz,False,-1,0
image18899.npz,False,-1,0
image3583.npz,False,-1,0
image9890.npz,False,-1,0
image5308.npz,False,1,0
image13932.npz,False,1,0
image4108.npz,False,1,0
image11969.npz,False,-1,0
image8352.npz,False,-1,0
image9920.npz,True,1,0
image4953.npz,True,-1,0
image19493.npz,True,1,0
image3437.npz,True,1,0
image8003.npz,True,-1,0
image14405.npz,False,1,1
image3685.npz,True,1,0
image10121.npz,True,-1,0
image16063.npz,True,-1,0
image10551.npz,True,-1,0
image8365.npz,True,-1,0
image15917.npz,True,-1,0
image11643.npz,True,-1,0
image5622.npz,True,-1,0
image19538.npz,True,1,0
image11005.npz,False,1,0
image11989.npz,True,-1,0
image15001.npz,False,-1,0
image1857.npz,True,-1,0
image7515.npz,True,-1,0
image7399.npz,False,-1,-1
image6607.npz,False,1,0
image14474.npz,False,1,0
image17967.npz,False,1,0
image7102.npz,True,1,0
image4861.npz,False,-1,0
image18548.npz,True,1,0
image9169.npz,False,-1,0
image1758.npz,False,1,0
image18427.npz,True,-1,0
image11121.npz,True,-1,0
image13741.npz,True,1,0
image9709.npz,False,1,1
image4782.npz,False,1,1
image16632.npz,True,1,1
image15641.npz,False,1,0
image8064.npz,True,1,0
image17112.npz,True,1,0
image5692.npz,True,-1,0
image15108.npz,True,-1,0
image3716.npz,True,-1,0
image14331.npz,True,-1,0
image12211.npz,True,-1,0
image1716.npz,True,1,0
image1774.npz,True,1,1
image13454.npz,True,-1,-1
image10151.npz,True,-1,0
image2475.npz,True,-1,-1
image4612.npz,True,1,1
image16568.npz,True,1,0
image9203.npz,True,1,0
image4579.npz,True,1,0
image980.npz,True,1,0
image13297.npz,False,1,0
image8367.npz,False,1,0
image6348.npz,False,1,0
image2673.npz,True,1,1
image2598.npz,False,1,0
image504.npz,False,1,0
image11627.npz,True,1,0
image15442.npz,False,-1,-1
image14485.npz,True,1,0
image8787.npz,True,1,0
image19614.npz,True,-1,0
image13585.npz,True,-1,0
image11703.npz,False,1,0
image2116.npz,True,1,1
image3403.npz,False,1,0
image7810.npz,True,1,1
image7009.npz,False,-1,0
image18512.npz,False,1,0
image6292.npz,False,1,0
image13629.npz,False,-1,0
image12933.npz,True,1,1
image18737.npz,False,1,0
image10605.npz,False,1,0
image4104.npz,False,-1,0
image3160.npz,True,-1,-1
image7315.npz,True,1,0
image14862.npz,False,1,0
image13450.npz,False,1,0
image16392.npz,False,-1,0
image17702.npz,False,-1,0
image10172.npz,True,1,0
image2430.npz,False,-1,0
image8221.npz,False,-1,0
image18279.npz,False,-1,0
image3697.npz,False,1,0
image9551.npz,False,-1,0
image8260.npz,True,1,0
image7798.npz,False,1,0
image3060.npz,False,1,0
image15080.npz,True,-1,0
image2349.npz,False,1,0
image8256.npz,True,1,0
image13803.npz,False,1,1
image8301.npz,False,1,0
image5954.npz,True,-1,0
image13800.npz,True,1,1
image14728.npz,True,-1,0
image7644.npz,True,1,0
image10304.npz,True,1,1
image18760.npz,True,1,0
image6326.npz,True,1,0
image17918.npz,True,-1,-1
image1225.npz,False,1,1
image3654.npz,True,-1,0
image5562.npz,True,-1,0
image1764.npz,False,-1,0
image16359.npz,True,1,0
image7295.npz,True,1,0
image5393.npz,True,-1,0
image4321.npz,False,-1,0
image10258.npz,False,-1,0
image15653.npz,True,-1,0
image3504.npz,False,1,0
image752.npz,False,1,0
image8748.npz,False,1,0
image1044.npz,True,-1,-1
image11058.npz,False,1,0
image12309.npz,False,1,0
image19569.npz,False,-1,0
image6364.npz,False,1,0
image8892.npz,True,-1,0
image2811.npz,False,-1,0
image7836.npz,False,1,0
image2938.npz,True,1,0
image10819.npz,True,1,0
image14872.npz,True,1,1
image6032.npz,True,-1,0
image1190.npz,False,1,0
image6185.npz,True,-1,0
image18815.npz,True,-1,0
image13273.npz,True,-1,0
image3619.npz,True,1,0
image3309.npz,True,-1,-1
image15476.npz,False,1,0
image3249.npz,False,-1,0
image1634.npz,False,-1,0
image5443.npz,False,1,0
image11408.npz,True,1,0
image3215.npz,False,-1,0
image2040.npz,True,-1,0
image17554.npz,False,1,0
image12852.npz,False,-1,0
image1607.npz,False,1,0
image17681.npz,False,-1,0
image6863.npz,False,1,0
image14741.npz,False,-1,0
image7685.npz,True,-1,0
image10501.npz,True,1,0
image4777.npz,False,-1,0
image4805.npz,True,1,0
image9644.npz,True,-1,0
image5242.npz,False,-1,0
image14313.npz,False,-1,0
image2547.npz,False,1,0
image3739.npz,False,-1,0
image8746.npz,True,-1,0
image7829.npz,True,1,0
image16811.npz,True,1,0
image13592.npz,True,1,0
image7488.npz,True,-1,0
image12779.npz,True,-1,0
image3045.npz,False,-1,0
image16882.npz,True,1,0
image876.npz,True,1,0
image1490.npz,True,-1,0
image8437.npz,True,1,0
image1133.npz,True,1,0
image1323.npz,True,-1,0
image11955.npz,False,1,0
image15181.npz,True,1,1
image9936.npz,True,1,0
image18540.npz,True,1,0
image13382.npz,False,-1,0
image7895.npz,False,-1,-1
image8780.npz,False,1,0
image12702.npz,False,-1,0
image1789.npz,True,1,0
image9643.npz,True,-1,-1
image7039.npz,False,1,0
image15800.npz,True,-1,0
image17572.npz,True,1,0
image9777.npz,True,1,0
image1872.npz,True,1,0
image4523.npz,False,-1,0
image7028.npz,False,-1,0
image16679.npz,False,1,0
image4058.npz,False,-1,0
image531.npz,False,1,0
image13980.npz,False,-1,0
image11131.npz,False,-1,0
image3765.npz,False,-1,0
image19606.npz,False,-1,0
image17514.npz,False,1,0
image8829.npz,False,-1,0
image11628.npz,True,-1,0
image17573.npz,False,1,1
image2830.npz,True,-1,0
image7146.npz,False,1,0
image10848.npz,True,1,0
image12281.npz,False,1,0
image17587.npz,False,-1,0
image6802.npz,False,-1,0
image9654.npz,False,1,0
image7821.npz,True,-1,0
image5412.npz,False,1,0
image10193.npz,False,-1,0
image9723.npz,False,1,0
image18436.npz,True,1,0
image2103.npz,False,-1,0
image9805.npz,False,1,0
image5598.npz,False,1,0
image4866.npz,True,-1,0
image1359.npz,False,-1,0
image4456.npz,True,-1,0
image10723.npz,False,-1,0
image16684.npz,False,-1,0
image5267.npz,False,-1,0
image4259.npz,False,-1,0
image15539.npz,True,1,0
image14342.npz,False,-1,0
image2145.npz,True,-1,0
image14794.npz,True,-1,0
image11684.npz,True,-1,0
image10987.npz,False,1,0
image4850.npz,False,1,0
image9150.npz,False,-1,0
image2169.npz,True,-1,0
image3067.npz,False,-1,0
image4902.npz,False,1,0
image18688.npz,False,1,0
image11525.npz,False,-1,0
image15345.npz,False,-1,0
image4709.npz,False,1,0
image7916.npz,False,-1,0
image8149.npz,False,1,0
image17928.npz,False,1,0
image3893.npz,True,1,0
image436.npz,False,1,0
image2956.npz,False,1,0
image7202.npz,False,1,0
image11879.npz,False,-1,0
image14748.npz,False,-1,0
image1126.npz,False,1,0
image19551.npz,False,1,0
image12160.npz,False,1,0
image10249.npz,False,1,0
image4332.npz,False,1,1
image2483.npz,True,1,0
image4836.npz,False,1,0
image3015.npz,False,-1,0
image10915.npz,False,-1,0
image19235.npz,True,-1,0
image5758.npz,False,-1,0
image19328.npz,False,-1,0
image12935.npz,True,-1,0
image17814.npz,True,-1,0
image9306.npz,True,1,0
image10232.npz,False,1,0
image16139.npz,False,-1,0
image1389.npz,False,1,0
image4521.npz,False,-1,0
image16758.npz,False,-1,0
image5106.npz,True,-1,0
image940.npz,True,-1,0
image1993.npz,True,1,0
image8334.npz,True,-1,0
image267.npz,True,1,0
image234.npz,False,-1,-1
image14462.npz,False,-1,0
image2610.npz,False,-1,0
image10123.npz,False,1,0
image7043.npz,True,-1,0
image17717.npz,True,-1,-1
image15295.npz,False,-1,0
image5154.npz,False,1,0
image19054.npz,False,-1,0
image13764.npz,False,-1,0
image5968.npz,False,1,1
image17179.npz,False,1,0
image1217.npz,False,-1,0
image11337.npz,False,-1,0
image15975.npz,False,-1,0
image6515.npz,False,1,0
image15803.npz,True,-1,-1
image15970.npz,False,1,1
image10870.npz,False,1,0
image15884.npz,True,1,0
image1853.npz,True,-1,0
image5764.npz,False,-1,0
image8293.npz,True,-1,0
image16413.npz,True,-1,0
image1296.npz,True,1,0
image7793.npz,False,-1,-1
image18243.npz,True,1,1
image16310.npz,True,1,0
image13548.npz,True,-1,0
image13666.npz,True,-1,0
image15279.npz,False,-1,0
image17610.npz,True,1,0
image13202.npz,True,-1,0
image2013.npz,True,-1,0
image3359.npz,True,-1,0
image771.npz,True,1,0
image9382.npz,True,-1,0
image11922.npz,True,-1,0
image12890.npz,True,1,0
image7354.npz,True,1,0
image1362.npz,True,1,0
image13620.npz,False,1,1
image11087.npz,True,-1,-1
image7267.npz,False,1,0
image2496.npz,False,1,0
image15949.npz,True,-1,0
image2933.npz,True,-1,0
image1006.npz,True,-1,0
image2834.npz,False,1,1
image14809.npz,False,1,0
image8485.npz,False,-1,0
image12607.npz,False,-1,0
image5895.npz,True,-1,0
image17392.npz,False,1,0
image15946.npz,False,1,0
image15299.npz,True,-1,0
image3751.npz,True,1,0
image13589.npz,False,-1,0
image19350.npz,False,-1,0
image18182.npz,False,-1,0
image12527.npz,True,1,1
image11709.npz,False,1,0
image16292.npz,False,1,0
image19.npz,False,1,0
image16441.npz,False,-1,-1
image13655.npz,True,-1,-1
image5759.npz,False,1,0
image4255.npz,False,1,0
image9771.npz,True,-1,0
image19085.npz,False,1,0
image1055.npz,False,-1,0
image19290.npz,True,-1,0
image7471.npz,True,1,0
image10976.npz,True,1,1
image3342.npz,True,1,0
image17093.npz,True,-1,0
image659.npz,False,-1,0
image13099.npz,True,1,0
image16558.npz,True,-1,0
image13041.npz,True,1,0
image3484.npz,True,1,1
image14120.npz,True,1,0
image15249.npz,True,1,0
image2114.npz,True,1,0
image12634.npz,True,-1,0
image4918.npz,True,-1,0
image6138.npz,True,1,0
image12266.npz,False,-1,0
image15291.npz,False,1,0
image12848.npz,False,1,0
image14985.npz,False,-1,0
image18493.npz,True,-1,0
image14344.npz,False,1,0
image13673.npz,False,1,0
image8869.npz,False,-1,0
image1900.npz,False,-1,0
image5023.npz,False,1,0
image14656.npz,False,1,1
image2448.npz,True,1,0
image657.npz,False,-1,0
image1309.npz,False,-1,0
image10660.npz,True,-1,-1
image15236.npz,False,1,0
image16646.npz,False,-1,-1
image7801.npz,False,1,1
image3381.npz,False,-1,0
image7094.npz,True,-1,0
image4722.npz,True,-1,-1
image14253.npz,False,-1,0
image14248.npz,True,-1,0
image9364.npz,True,-1,0
image7882.npz,True,1,0
image6230.npz,False,1,1
image19043.npz,True,1,0
image14024.npz,False,1,1
image11089.npz,False,-1,0
image209.npz,False,-1,-1
image14227.npz,False,-1,0
image9667.npz,False,1,0
image12459.npz,False,-1,0
image16217.npz,False,1,0
image14969.npz,False,1,0
image1929.npz,False,1,0
image8017.npz,False,1,0
image4110.npz,False,-1,0
image6797.npz,False,-1,0
image5486.npz,True,-1,0
image9078.npz,False,1,0
image1259.npz,True,-1,0
image5826.npz,True,-1,0
image1880.npz,True,1,0
image1.npz,False,1,0
image9362.npz,False,1,0
image13705.npz,False,1,0
image3235.npz,False,1,0
image13611.npz,True,1,0
image8065.npz,True,1,0
image13982.npz,False,-1,0
image4210.npz,False,1,0
image10391.npz,False,-1,0
image4343.npz,False,1,0
image17500.npz,False,1,0
image1649.npz,False,-1,0
image2657.npz,False,-1,0
image18958.npz,False,1,0
image7655.npz,False,1,0
image14143.npz,False,-1,0
image3742.npz,False,-1,0
image4737.npz,True,1,1
image10867.npz,True,1,0
image3364.npz,False,1,0
image7600.npz,False,1,1
image18040.npz,False,-1,0
image11096.npz,True,-1,0
image14620.npz,False,1,0
image11941.npz,False,1,0
image19071.npz,False,-1,0
image1877.npz,False,-1,0
image5671.npz,False,1,0
image13243.npz,False,-1,0
image7813.npz,True,1,0
image4872.npz,False,1,1
image17028.npz,False,1,0
image10500.npz,False,1,0
image18011.npz,True,-1,0
image8042.npz,True,-1,0
image10889.npz,True,-1,0
image2649.npz,True,1,0
image842.npz,False,1,0
image7491.npz,False,-1,0
image4691.npz,False,-1,0
image14146.npz,True,1,0
image5430.npz,False,-1,-1
image14056.npz,True,-1,0
image16411.npz,True,-1,0
image11889.npz,False,-1,0
image16649.npz,False,-1,0
image3790.npz,True,-1,0
image12250.npz,False,-1,0
image16952.npz,False,-1,0
image7507.npz,False,-1,0
image12471.npz,False,-1,-1
image11296.npz,False,-1,0
image3882.npz,True,-1,0
image9853.npz,True,1,1
image18563.npz,False,-1,0
image8732.npz,False,-1,0
image19462.npz,True,-1,0
image6312.npz,False,-1,0
image8223.npz,False,-1,0
image5080.npz,True,1,0
image13415.npz,False,-1,0
image7406.npz,False,1,0
image18617.npz,False,1,1
image7901.npz,False,1,1
image13797.npz,True,-1,0
image9276.npz,False,-1,-1
image6317.npz,False,1,1
image5703.npz,True,1,1
image18288.npz,False,1,1
image461.npz,False,1,0
image12.npz,False,-1,0
image15600.npz,False,1,0
image340.npz,False,1,0
image15274.npz,False,1,0
image10694.npz,False,-1,0
image17495.npz,False,1,0
image15259.npz,False,-1,0
image17257.npz,False,-1,0
image7948.npz,False,-1,0
image8405.npz,True,1,0
image11811.npz,True,1,0
image4560.npz,False,1,1
image8078.npz,False,-1,0
image757.npz,False,1,0
image18434.npz,False,1,0
image6319.npz,True,-1,-1
image19103.npz,False,-1,0
image15228.npz,True,1,0
image16097.npz,False,1,0
image3693.npz,False,1,0
image4658.npz,False,-1,0
image14053.npz,False,-1,0
image14754.npz,True,1,0
image12109.npz,True,1,0
image5878.npz,True,1,0
image690.npz,True,1,0
image17353.npz,False,-1,0
image2462.npz,False,1,0
image2903.npz,False,-1,0
image16835.npz,False,1,0
image17749.npz,False,-1,-1
image4604.npz,False,-1,0
image7704.npz,True,-1,0
image14171.npz,True,-1,0
image4987.npz,False,1,0
image8299.npz,False,-1,0
image10091.npz,True,1,0
image5674.npz,True,1,0
image349.npz,True,-1,0
image14892.npz,False,1,0
image17578.npz,False,1,0
image2194.npz,False,-1,0
image16087.npz,False,1,0
image7826.npz,False,-1,-1
image9483.npz,False,1,1
image8298.npz,True,1,0
image16035.npz,False,-1,0
image10862.npz,False,1,0
image13815.npz,False,-1,-1
image12613.npz,False,1,0
image15015.npz,True,-1,0
image9749.npz,False,1,0
image8998.npz,False,-1,-1
image5233.npz,False,-1,0
image13550.npz,False,1,0
image2645.npz,False,1,1
image7186.npz,True,-1,0
image9361.npz,True,-1,0
image17602.npz,False,1,0
image327.npz,False,-1,0
image565.npz,False,-1,0
image4997.npz,True,-1,0
image12850.npz,False,1,0
image4469.npz,False,1,0
image11938.npz,False,-1,-1
image17323.npz,False,1,0
image1276.npz,False,-1,-1
image13490.npz,True,-1,0
image2539.npz,False,1,0
image677.npz,True,1,0
image511.npz,False,-1,0
image19042.npz,False,1,0
image14699.npz,False,-1,0
image2454.npz,False,1,0
image10516.npz,True,-1,0
image4629.npz,False,-1,0
image5788.npz,True,1,0
image11994.npz,False,-1,0
image11872.npz,False,1,0
image11246.npz,True,-1,0
image18362.npz,False,-1,0
image3343.npz,False,1,0
image6218.npz,False,1,0
image8518.npz,False,-1,0
image10835.npz,False,1,0
image10512.npz,True,-1,0
image15482.npz,False,1,0
image11605.npz,False,1,0
image11634.npz,False,-1,0
image16917.npz,False,-1,0
image19399.npz,False,-1,0
image10089.npz,True,1,0
image9122.npz,True,-1,0
image2554.npz,True,1,0
image5792.npz,False,-1,0
image948.npz,False,-1,0
image14479.npz,False,1,0
image2584.npz,False,1,0
image9063.npz,True,-1,0
image13937.npz,True,-1,0
image19184.npz,False,-1,0
image2776.npz,True,1,0
image34.npz,False,1,0
image6140.npz,False,1,0
image8804.npz,False,1,0
image12830.npz,True,-1,0
image11366.npz,True,1,0
image5699.npz,True,1,0
image7972.npz,False,1,0
image12715.npz,True,-1,0
image11497.npz,True,-1,0
image12962.npz,False,-1,0
image10235.npz,False,1,0
image6631.npz,False,1,1
image6549.npz,False,-1,0
image13489.npz,False,-1,0
image16437.npz,False,1,0
image5091.npz,False,-1,0
image2156.npz,True,-1,0
image18681.npz,False,-1,0
image3778.npz,False,-1,0
image10849.npz,False,-1,-1
image4696.npz,False,1,0
image7478.npz,True,1,0
image18168.npz,True,-1,0
image4877.npz,True,1,0
image6637.npz,True,-1,0
image6743.npz,True,1,0
image13245.npz,True,1,0
image3656.npz,False,-1,0
image16849.npz,False,-1,0
image15145.npz,True,-1,0
image13736.npz,True,1,0
image12402.npz,True,-1,0
image5365.npz,False,1,0
image17615.npz,False,-1,0
image6591.npz,True,-1,0
image709.npz,False,-1,0
image16294.npz,False,-1,0
image5459.npz,False,-1,0
image11309.npz,True,-1,0
image3819.npz,False,1,0
image17349.npz,True,1,1
image6745.npz,True,1,0
image6170.npz,True,-1,0
image15415.npz,True,-1,0
image13728.npz,False,-1,0
image7827.npz,False,-1,-1
image5326.npz,False,-1,0
image17809.npz,True,-1,0
image16789.npz,False,-1,0
image6200.npz,True,-1,0
image12491.npz,True,-1,0
image3090.npz,True,-1,-1
image9443.npz,False,-1,0
image19331.npz,True,1,0
image9001.npz,True,-1,0
image17515.npz,True,-1,0
image17295.npz,False,-1,0
image13276.npz,True,1,0
image12260.npz,False,-1,0
image15900.npz,False,1,0
image11394.npz,True,-1,0
image11905.npz,False,1,0
image2368.npz,False,-1,0
image14372.npz,True,1,0
image4391.npz,True,1,1
image6049.npz,True,-1,0
image4880.npz,False,1,0
image4167.npz,False,-1,-1
image10393.npz,True,1,0
image3214.npz,False,1,0
image16594.npz,True,1,0
image4478.npz,False,1,0
image10965.npz,True,-1,0
image2411.npz,True,1,0
image7557.npz,True,-1,0
image12914.npz,False,-1,0
image18556.npz,False,-1,0
image11827.npz,False,-1,0
image12022.npz,False,1,0
image17619.npz,False,1,0
image10275.npz,True,1,0
image14606.npz,False,1,0
image7617.npz,True,-1,-1
image4948.npz,False,-1,0
image17474.npz,True,1,0
image11936.npz,False,-1,0
image4164.npz,False,1,0
image12055.npz,False,1,0
image5511.npz,False,-1,0
image9214.npz,False,1,0
image9893.npz,True,1,0
image9279.npz,True,-1,0
image5675.npz,False,-1,0
image2809.npz,False,1,0
image5018.npz,False,-1,0
image1960.npz,False,-1,0
image1714.npz,False,1,0
image2902.npz,True,-1,0
image12503.npz,False,1,0
image8706.npz,False,-1,0
image12293.npz,False,-1,0
image2641.npz,False,1,1
image10059.npz,False,-1,0
image11148.npz,False,1,0
image1696.npz,False,-1,0
image16456.npz,False,-1,-1
image16371.npz,False,-1,0
image15408.npz,False,1,1
image15666.npz,False,-1,0
image8450.npz,False,1,0
image613.npz,False,-1,0
image1203.npz,False,-1,0
image12391.npz,False,1,0
image10988.npz,False,-1,0
image8654.npz,False,-1,-1
image7869.npz,False,-1,0
image19326.npz,False,-1,0
image9424.npz,False,1,1
image6205.npz,False,-1,0
image16905.npz,True,-1,0
image2990.npz,True,-1,0
image13559.npz,False,1,0
image10982.npz,True,-1,0
image7350.npz,True,1,1
image12024.npz,True,1,0
image18731.npz,True,1,0
image16619.npz,False,-1,-1
image10201.npz,False,-1,0
image5399.npz,False,1,0
image11446.npz,False,1,0
image2338.npz,True,1,0
image8349.npz,False,-1,0
image941.npz,False,1,0
image16044.npz,True,-1,0
image9442.npz,True,-1,0
image3711.npz,True,-1,0
image18008.npz,True,1,0
image19254.npz,True,1,0
image9572.npz,False,1,0
image9320.npz,False,1,0
image8413.npz,False,-1,0
image537.npz,False,-1,0
image593.npz,False,1,1
image7789.npz,False,1,0
image16032.npz,False,-1,-1
image7466.npz,False,1,0
image3509.npz,False,1,0
image10256.npz,False,-1,0
image14117.npz,False,-1,0
image1947.npz,False,1,0
image8662.npz,False,1,1
image698.npz,False,1,0
image15650.npz,True,1,0
image19051.npz,False,-1,0
image19403.npz,False,1,0
image13302.npz,True,-1,-1
image17688.npz,False,1,0
image16651.npz,False,1,0
image12560.npz,True,-1,0
image17636.npz,False,-1,0
image10343.npz,False,1,0
image2663.npz,False,1,0
image7308.npz,False,1,0
image17908.npz,False,1,0
image6953.npz,False,1,0
image17403.npz,False,-1,0
image3088.npz,False,-1,0
image11854.npz,False,1,0
image16189.npz,False,-1,0
image14552.npz,False,-1,0
image16024.npz,True,-1,0
image10905.npz,True,1,0
image2527.npz,True,1,0
image14393.npz,True,1,1
image7419.npz,True,-1,0
image18379.npz,True,-1,0
image10487.npz,True,1,0
image6929.npz,False,1,0
image18029.npz,False,1,0
image2425.npz,False,1,0
image12070.npz,False,-1,0
image8752.npz,True,-1,0
image15424.npz,False,1,0
image1342.npz,False,-1,0
image13524.npz,False,-1,0
image7182.npz,False,-1,0
image1615.npz,False,-1,0
image13211.npz,False,1,0
image11801.npz,False,-1,-1
image9672.npz,False,-1,0
image579.npz,False,-1,0
image12351.npz,False,1,0
image5749.npz,False,1,0
image7689.npz,True,1,0
image17356.npz,False,1,0
image10718.npz,False,-1,0
image14297.npz,False,1,0
image6052.npz,False,1,1
image460.npz,False,1,0
image13227.npz,False,1,0
image3127.npz,True,1,1
image10022.npz,True,1,0
image14680.npz,True,-1,0
image13349.npz,False,1,0
image1214.npz,False,1,0
image13854.npz,True,1,0
image6178.npz,True,1,1
image16320.npz,True,1,0
image4257.npz,True,-1,0
image11864.npz,True,-1,0
image17905.npz,True,-1,0
image14465.npz,True,1,0
image10418.npz,False,1,0
image1909.npz,False,-1,0
image3032.npz,False,-1,0
image9187.npz,False,-1,0
image17345.npz,False,1,1
image12548.npz,False,-1,0
image15573.npz,True,1,0
image14301.npz,False,-1,0
image1674.npz,False,-1,0
image12770.npz,True,-1,0
image6361.npz,True,-1,0
image4174.npz,True,1,0
image18881.npz,True,-1,0
image2772.npz,True,1,0
image7663.npz,True,-1,0
image3764.npz,True,1,0
image10360.npz,True,1,0
image16885.npz,False,1,0
image8604.npz,False,1,0
image14510.npz,True,1,0
image2730.npz,False,-1,0
image8132.npz,False,1,1
image9941.npz,False,-1,0
image1905.npz,True,1,0
image8055.npz,False,-1,0
image4615.npz,False,-1,0
image4430.npz,False,1,0
image8481.npz,False,-1,0
image8480.npz,False,-1,0
image12726.npz,False,1,0
image7117.npz,False,-1,0
image6624.npz,True,1,0
image394.npz,True,-1,0
image14700.npz,False,-1,0
image8465.npz,False,-1,-1
image12833.npz,True,-1,-1
image853.npz,False,-1,0
image4699.npz,True,-1,0
image3477.npz,False,1,0
image9301.npz,False,-1,0
image18447.npz,False,-1,0
image2458.npz,False,1,0
image6226.npz,False,1,0
image7334.npz,False,1,0
image6008.npz,False,1,1
image19511.npz,False,1,1
image10810.npz,False,-1,0
image18996.npz,False,1,0
image5668.npz,False,1,0
image15623.npz,False,-1,0
image15472.npz,False,-1,0
image5422.npz,False,-1,0
image3222.npz,True,-1,0
image2201.npz,True,1,0
image9545.npz,False,1,0
image9875.npz,False,-1,0
image17543.npz,False,1,0
image6641.npz,False,-1,-1
image19664.npz,False,1,0
image13037.npz,False,1,0
image7001.npz,False,1,0
image17637.npz,False,1,0
image7604.npz,False,-1,0
image9535.npz,False,1,0
image9360.npz,False,1,0
image7031.npz,False,-1,0
image13479.npz,False,1,1
image9151.npz,False,-1,0
image9969.npz,False,1,0
image17965.npz,False,1,0
image6144.npz,False,1,0
image7280.npz,False,1,0
image8857.npz,False,-1,0
image1735.npz,False,-1,0
image5483.npz,False,1,0
image16816.npz,False,1,0
image10320.npz,False,-1,0
image3585.npz,False,-1,0
image3542.npz,False,-1,0
image8648.npz,False,-1,0
image8932.npz,True,-1,-1
image18276.npz,False,1,0
image8268.npz,False,1,0
image8670.npz,False,1,0
image14321.npz,False,1,0
image3995.npz,True,1,0
image9807.npz,False,1,0
image9676.npz,False,1,0
image15457.npz,False,-1,0
image8151.npz,False,-1,0
image4310.npz,False,-1,0
image12609.npz,True,1,1
image8960.npz,True,-1,0
image7671.npz,True,1,0
image9758.npz,True,1,0
image12023.npz,True,1,0
image15432.npz,True,1,0
image10859.npz,True,1,1
image589.npz,True,1,1
image16362.npz,True,1,0
image14915.npz,True,1,0
image16703.npz,False,1,0
image5545.npz,True,-1,0
image12801.npz,True,-1,0
image15144.npz,True,1,1
image11988.npz,True,1,0
image8818.npz,True,1,0
image7795.npz,True,1,0
image11110.npz,True,1,0
image2810.npz,True,1,1
image10110.npz,True,1,0
image12494.npz,True,1,0
image18543.npz,False,-1,0
image17118.npz,True,1,0
image14245.npz,True,-1,0
image3424.npz,False,1,0
image4667.npz,False,-1,0
image2888.npz,False,-1,0
image9439.npz,True,1,0
image4242.npz,False,1,0
image3041.npz,True,1,0
image2646.npz,False,-1,0
image8552.npz,False,1,0
image4125.npz,False,-1,0
image12453.npz,False,-1,0
image9139.npz,False,1,1
image4889.npz,False,-1,0
image10267.npz,False,-1,0
image6877.npz,False,-1,0
image19007.npz,False,1,0
image12292.npz,True,1,0
image6548.npz,False,-1,0
image16113.npz,False,1,0
image12425.npz,True,1,0
image6450.npz,False,1,0
image7677.npz,False,-1,0
image11210.npz,False,-1,0
image18018.npz,True,-1,0
image8496.npz,False,-1,0
image13070.npz,False,-1,0
image2551.npz,False,-1,0
image9907.npz,False,-1,0
image13745.npz,False,1,0
image4681.npz,False,-1,0
image2987.npz,False,1,0
image18935.npz,False,1,1
image13475.npz,False,-1,0
image4048.npz,False,-1,0
image2763.npz,False,-1,0
image9710.npz,False,-1,0
image17581.npz,True,1,1
image18615.npz,False,1,0
image19145.npz,False,1,0
image994.npz,False,-1,-1
image6212.npz,False,1,0
image7244.npz,False,1,0
image6692.npz,False,-1,0
image1645.npz,False,1,0
image18410.npz,False,1,0
image5942.npz,False,1,0
image1823.npz,True,-1,0
image11607.npz,False,1,0
image3202.npz,False,-1,0
image17123.npz,True,-1,0
image10994.npz,True,-1,0
image3601.npz,True,-1,0
image1621.npz,False,-1,0
image6225.npz,False,1,0
image18070.npz,False,1,0
image2862.npz,False,1,0
image13551.npz,False,-1,0
image16068.npz,False,1,0
image14570.npz,True,1,0
image13861.npz,False,1,0
image5362.npz,False,-1,0
image7169.npz,False,-1,0
image9706.npz,True,1,0
image3317.npz,False,-1,0
image10185.npz,False,1,0
image14390.npz,False,1,1
image5542.npz,False,1,0
image18685.npz,False,1,0
image13811.npz,False,-1,0
image3922.npz,False,-1,0
image9429.npz,False,-1,0
image2151.npz,False,-1,0
image13528.npz,False,-1,0
image18266.npz,True,-1,-1
image4561.npz,False,-1,0
image15083.npz,False,1,0
image1221.npz,False,1,0
image17530.npz,False,-1,0
image19324.npz,True,-1,0
image10407.npz,True,-1,0
image4470.npz,False,1,0
image14309.npz,False,1,0
image3503.npz,False,-1,0
image6928.npz,False,-1,-1
image5043.npz,False,1,0
image11927.npz,False,-1,0
image19515.npz,True,1,0
image480.npz,True,1,1
image2602.npz,False,-1,0
image14632.npz,True,-1,0
image40.npz,False,-1,0
image12031.npz,False,-1,0
image3904.npz,False,-1,0
image970.npz,False,-1,0
image17757.npz,True,1,0
image3574.npz,False,-1,0
image9437.npz,False,-1,0
image13917.npz,False,-1,-1
image12603.npz,True,1,0
image17940.npz,True,1,0
image9502.npz,True,-1,-1
image585.npz,False,1,1
image3111.npz,False,1,0
image7930.npz,True,-1,0
image8658.npz,False,-1,0
image11526.npz,False,-1,0
image6297.npz,False,-1,0
image9627.npz,False,-1,0
image5463.npz,False,-1,0
image15621.npz,False,1,0
image18113.npz,False,-1,0
image13796.npz,True,1,1
image5360.npz,True,1,1
image9693.npz,True,-1,-1
image10076.npz,False,-1,0
image8982.npz,True,1,0
image9349.npz,True,1,0
image12002.npz,True,1,0
image13172.npz,True,-1,0
image1070.npz,True,1,0
image16322.npz,True,-1,0
image17630.npz,True,-1,0
image11682.npz,True,1,0
image14332.npz,True,1,0
image12902.npz,False,1,0
image19655.npz,True,1,0
image562.npz,False,1,0
image8239.npz,False,-1,0
image18502.npz,True,1,0
image17646.npz,False,1,0
image9507.npz,False,1,0
image12998.npz,True,-1,0
image19581.npz,True,1,0
image10906.npz,True,1,0
image2829.npz,True,1,0
image18289.npz,False,-1,0
image18684.npz,True,1,0
image3183.npz,True,-1,0
image16233.npz,True,1,0
image5794.npz,False,-1,0
image14073.npz,False,-1,0
image6912.npz,False,1,1
image5370.npz,True,1,0
image18026.npz,False,1,0
image5723.npz,False,1,0
image7938.npz,False,1,0
image17122.npz,True,-1,0
image19233.npz,False,-1,0
image2973.npz,False,-1,0
image6059.npz,True,1,1
image341.npz,False,-1,0
image8872.npz,True,1,0
image8110.npz,True,1,0
image17842.npz,False,-1,0
image9620.npz,False,-1,0
image10168.npz,True,1,0
image14957.npz,False,1,0
image15063.npz,False,1,1
image12175.npz,False,1,0
image9810.npz,False,1,0
image5400.npz,False,1,0
image1295.npz,False,1,0
image8776.npz,True,-1,-1
image2714.npz,False,1,0
image13664.npz,False,1,0
image1469.npz,False,-1,0
image14753.npz,False,1,0
image14784.npz,False,-1,-1
image17218.npz,False,-1,0
image5950.npz,False,-1,-1
image1286.npz,False,1,0
image14956.npz,False,1,0
image178.npz,False,1,0
image10349.npz,True,-1,0
image8419.npz,False,1,0
image10043.npz,False,1,0
image19080.npz,False,-1,0
image435.npz,False,-1,0
image10829.npz,False,-1,0
image5231.npz,False,-1,-1
image6957.npz,True,1,0
image16918.npz,True,-1,0
image2842.npz,True,-1,0
image19359.npz,False,-1,0
image17391.npz,True,1,0
image6324.npz,False,-1,0
image7449.npz,False,1,0
image2617.npz,True,-1,0
image13651.npz,False,1,0
image12084.npz,False,1,0
image12691.npz,False,1,1
image8335.npz,False,-1,0
image5919.npz,False,-1,0
image7083.npz,True,1,0
image19654.npz,False,1,0
image9009.npz,True,1,0
image3567.npz,False,-1,0
image10284.npz,False,1,1
image5720.npz,False,-1,-1
image14501.npz,False,-1,0
image13959.npz,False,-1,0
image13677.npz,False,1,1
image2106.npz,True,-1,0
image9497.npz,False,-1,0
image14373.npz,False,1,0
image4735.npz,True,-1,0
image2905.npz,False,1,0
image773.npz,False,-1,0
image4507.npz,False,1,0
image6271.npz,False,-1,0
image863.npz,True,1,0
image19590.npz,False,1,1
image14694.npz,True,-1,0
image4853.npz,False,1,0
image16384.npz,False,1,0
image1430.npz,True,1,0
image7730.npz,False,1,0
image4905.npz,False,1,0
image4277.npz,False,1,0
image7714.npz,False,1,0
image1831.npz,False,-1,0
image12978.npz,False,-1,0
image1281.npz,True,1,0
image363.npz,False,-1,0
image11057.npz,True,1,0
image3976.npz,True,1,0
image1962.npz,True,-1,0
image17326.npz,False,1,0
image17922.npz,False,1,0
image10570.npz,True,1,0
image4311.npz,False,-1,0
image12207.npz,True,1,0
image17772.npz,False,-1,0
image18323.npz,True,-1,0
image673.npz,False,1,0
image13985.npz,False,-1,0
image9604.npz,False,1,0
image14533.npz,False,-1,0
image1428.npz,False,1,0
image4276.npz,False,1,0
image7042.npz,False,1,0
image1383.npz,False,1,0
image189.npz,False,-1,0
image8013.npz,False,-1,0
image3426.npz,True,-1,0
image9466.npz,False,1,0
image11828.npz,False,1,0
image18460.npz,False,1,1
image11966.npz,False,-1,0
image4800.npz,True,-1,0
image1437.npz,False,1,0
image1298.npz,False,1,0
image19003.npz,False,1,0
image10983.npz,False,-1,0
image19182.npz,False,1,0
image481.npz,False,-1,-1
image17866.npz,False,-1,0
image62.npz,False,-1,0
image19131.npz,True,-1,-1
image9515.npz,False,1,0
image15190.npz,True,1,0
image9923.npz,True,-1,0
image15338.npz,True,1,0
image15348.npz,True,1,0
image12549.npz,True,1,0
image7563.npz,True,-1,0
image3049.npz,True,1,1
image13177.npz,True,1,0
image16157.npz,True,-1,0
image399.npz,True,-1,0
image1064.npz,True,1,0
image16521.npz,True,1,1
image1512.npz,True,1,0
image11383.npz,True,1,0
image16775.npz,True,1,0
image17885.npz,True,-1,0
image1226.npz,True,1,0
image18893.npz,True,-1,0
image7445.npz,True,-1,0
image11235.npz,False,1,0
image3339.npz,True,1,0
image5679.npz,True,1,1
image16020.npz,True,-1,0
image277.npz,False,1,0
image16872.npz,True,-1,0
image1048.npz,True,1,0
image10678.npz,True,-1,0
image11849.npz,True,1,0
image16251.npz,False,-1,0
image16468.npz,False,-1,0
image6241.npz,False,1,0
image9149.npz,False,-1,0
image19108.npz,False,-1,0
image11739.npz,False,-1,0
image13464.npz,False,1,0
image5625.npz,False,-1,0
image159.npz,False,1,0
image2644.npz,False,-1,0
image8362.npz,False,-1,0
image12934.npz,True,1,0
image13793.npz,False,-1,0
image12346.npz,True,-1,0
image6139.npz,True,-1,-1
image11567.npz,True,1,0
image17363.npz,True,1,0
image11970.npz,True,1,0
image6100.npz,True,1,0
image67.npz,True,1,0
image9068.npz,True,-1,0
image10554.npz,False,1,0
image3715.npz,False,-1,0
image14688.npz,False,1,0
image7874.npz,False,-1,0
image10695.npz,False,1,0
image2107.npz,False,1,0
image2828.npz,True,-1,0
image13372.npz,False,-1,0
image11690.npz,True,1,0
image10458.npz,True,-1,0
image8623.npz,True,-1,-1
image10437.npz,False,1,0
image17378.npz,False,1,0
image6726.npz,False,-1,0
image19375.npz,False,1,0
image1440.npz,False,-1,0
image4809.npz,True,1,0
image708.npz,False,-1,0
image18395.npz,False,-1,0
image8341.npz,False,-1,0
image4526.npz,False,-1,0
image9874.npz,False,-1,0
image2115.npz,False,1,0
image17430.npz,False,-1,-1
image18081.npz,False,1,0
image16439.npz,False,-1,0
image405.npz,False,-1,0
image16579.npz,False,1,0
image12871.npz,False,1,0
image17045.npz,False,-1,0
image16422.npz,False,1,0
image18043.npz,False,-1,0
image1407.npz,False,1,0
image11145.npz,False,-1,0
image1557.npz,False,1,0
image10914.npz,False,-1,0
image3282.npz,False,1,0
image17024.npz,False,1,0
image12098.npz,False,-1,0
image6509.npz,False,-1,0
image14616.npz,False,-1,0
image6279.npz,False,-1,0
image10647.npz,False,1,1
image11288.npz,False,1,0
image16653.npz,False,1,0
image8664.npz,False,-1,0
image11807.npz,False,-1,0
image8519.npz,False,1,0
image15005.npz,False,-1,0
image3195.npz,False,-1,0
image14208.npz,False,-1,0
image2193.npz,True,-1,0
image1172.npz,False,1,0
image14081.npz,False,1,0
image2010.npz,False,-1,0
image231.npz,False,1,0
image9114.npz,False,1,0
image14640.npz,False,-1,0
image12001.npz,False,1,0
image6274.npz,False,-1,0
image10429.npz,False,1,0
image10908.npz,False,1,0
image10037.npz,False,1,0
image6337.npz,False,-1,0
image17816.npz,False,1,0
image4407.npz,False,-1,0
image14312.npz,False,-1,-1
image10061.npz,False,1,0
image7284.npz,False,-1,0
image6167.npz,False,-1,0
image10884.npz,True,1,0
image11809.npz,False,1,0
image18559.npz,False,1,1
image13182.npz,True,-1,0
image2746.npz,False,1,0
image3508.npz,False,1,0
image15490.npz,False,-1,0
image13282.npz,False,1,0
image3402.npz,False,-1,-1
image15638.npz,False,1,0
image6053.npz,False,1,0
image2871.npz,False,1,0
image926.npz,False,1,1
image84.npz,True,-1,0
image10280.npz,True,-1,0
image5565.npz,False,1,0
image1405.npz,False,-1,0
image9779.npz,True,1,0
image9596.npz,False,1,0
image14558.npz,False,1,0
image8280.npz,True,1,0
image953.npz,False,-1,0
image9253.npz,False,-1,0
image12918.npz,False,-1,0
image13877.npz,False,-1,0
image19275.npz,True,1,1
image4506.npz,False,1,0
image18907.npz,False,1,0
image6508.npz,False,-1,0
image10543.npz,False,1,0
image4170.npz,False,1,0
image14190.npz,False,-1,0
image14179.npz,False,1,0
image18258.npz,False,1,0
image563.npz,False,-1,0
image2494.npz,False,-1,-1
image19284.npz,False,-1,0
image11790.npz,False,-1,0
image17869.npz,True,-1,0
image10160.npz,False,1,0
image2092.npz,False,1,0
image1390.npz,False,-1,0
image17633.npz,False,-1,0
image11596.npz,False,-1,0
image1801.npz,False,1,0
image13358.npz,False,-1,0
image9563.npz,False,1,0
image18888.npz,True,-1,0
image14547.npz,False,1,0
image3543.npz,False,1,0
image17804.npz,False,-1,0
image4856.npz,False,1,0
image16332.npz,False,1,0
image16463.npz,False,1,1
image11328.npz,True,1,0
image1766.npz,True,1,0
image10057.npz,False,-1,0
image15809.npz,False,-1,0
image1401.npz,False,-1,0
image6510.npz,False,1,0
image17659.npz,False,-1,-1
image9289.npz,False,1,0
image13457.npz,False,-1,-1
image14165.npz,False,-1,-1
image12149.npz,True,-1,0
image772.npz,False,-1,0
image13021.npz,True,1,0
image6952.npz,False,-1,0
image13515.npz,False,1,0
image10456.npz,False,1,0
image2037.npz,False,-1,-1
image14178.npz,False,-1,-1
image15964.npz,False,1,0
image13915.npz,False,1,0
image7132.npz,False,-1,0
image19416.npz,False,1,0
image1759.npz,False,-1,0
image11626.npz,False,1,0
image5158.npz,False,1,0
image13882.npz,False,1,0
image6930.npz,False,1,0
image8536.npz,False,1,0
image5112.npz,False,1,0
image12788.npz,False,-1,0
image12110.npz,False,-1,0
image10756.npz,False,1,0
image16367.npz,False,1,0
image1540.npz,False,-1,0
image9533.npz,False,1,0
image18545.npz,False,1,0
image1219.npz,False,1,0
image627.npz,False,1,0
image3029.npz,True,1,0
image16555.npz,True,1,1
image18778.npz,False,1,0
image19314.npz,True,-1,-1
image6594.npz,False,1,0
image6122.npz,True,1,0
image3031.npz,False,1,0
image15922.npz,False,1,0
image17999.npz,True,-1,0
image18461.npz,False,1,0
image1554.npz,False,-1,0
image2223.npz,False,1,0
image16305.npz,False,1,0
image10367.npz,False,-1,-1
image18295.npz,False,1,1
image6970.npz,False,-1,0
image15707.npz,False,-1,0
image10113.npz,False,-1,-1
image12880.npz,False,1,1
image9597.npz,True,-1,0
image13833.npz,False,-1,0
image15384.npz,False,1,0
image7230.npz,False,1,0
image7023.npz,False,1,0
image10883.npz,False,-1,0
image11843.npz,True,1,1
image9146.npz,False,-1,0
image9446.npz,True,1,0
image4895.npz,False,-1,0
image17335.npz,False,-1,0
image8194.npz,False,-1,0
image15969.npz,False,-1,0
image3860.npz,False,-1,-1
image5327.npz,True,1,0
image6411.npz,False,-1,0
image10474.npz,False,1,0
image17931.npz,False,1,0
image7731.npz,True,-1,0
image11367.npz,False,-1,0
image8835.npz,False,1,0
image11512.npz,True,1,0
image16893.npz,False,-1,0
image10545.npz,False,-1,0
image17455.npz,False,-1,0
image2859.npz,False,-1,-1
image76.npz,False,1,0
image19643.npz,False,-1,0
image16433.npz,False,1,0
image12277.npz,False,-1,0
image9268.npz,False,1,0
image202.npz,False,1,0
image3912.npz,False,-1,0
image10298.npz,False,1,0
image685.npz,True,1,0
image18574.npz,True,-1,0
image9228.npz,False,1,0
image17194.npz,True,-1,0
image8071.npz,True,1,1
image10671.npz,False,1,0
image13659.npz,True,1,0
image9547.npz,True,1,1
image6489.npz,True,1,0
image12390.npz,True,-1,0
image12255.npz,True,-1,0
image1332.npz,False,1,0
image11750.npz,False,-1,0
image10753.npz,False,-1,0
image17035.npz,False,1,0
image7579.npz,False,-1,0
image14184.npz,True,1,0
image11031.npz,False,1,0
image12568.npz,False,-1,0
image13011.npz,False,-1,0
image12679.npz,False,-1,0
image17175.npz,True,-1,0
image13401.npz,False,-1,0
image8661.npz,False,-1,0
image18297.npz,False,1,1
image490.npz,False,-1,0
image14746.npz,False,1,0
image1034.npz,False,-1,-1
image6042.npz,True,-1,0
image19446.npz,False,1,0
image14201.npz,True,1,0
image3748.npz,False,1,0
image8214.npz,False,-1,0
image4061.npz,False,1,0
image11947.npz,False,-1,0
image4176.npz,False,1,0
image15248.npz,True,-1,0
image1314.npz,False,1,0
image3280.npz,False,1,0
image16916.npz,False,1,0
image16736.npz,False,-1,0
image17643.npz,False,1,0
image7532.npz,True,1,0
image12984.npz,False,-1,0
image14685.npz,False,1,0
image10688.npz,False,-1,0
image9371.npz,False,-1,0
image2684.npz,False,1,0
image4498.npz,False,1,0
image9119.npz,False,1,0
image18356.npz,False,1,0
image5889.npz,False,-1,0
image5619.npz,False,-1,0
image1594.npz,True,1,0
image17188.npz,False,1,0
image9310.npz,False,-1,0
image1284.npz,True,1,0
image7587.npz,False,-1,-1
image4083.npz,False,1,0
image15775.npz,False,-1,0
image1583.npz,False,1,0
image18009.npz,False,1,0
image16038.npz,False,-1,0
image12737.npz,False,-1,0
image12908.npz,True,-1,-1
image620.npz,False,-1,0
image18200.npz,True,1,0
image9757.npz,True,1,0
image14603.npz,False,1,0
image5572.npz,True,1,0
image18940.npz,True,-1,0
image2187.npz,True,-1,0
image9652.npz,True,-1,0
image12636.npz,True,-1,0
image11085.npz,True,-1,0
image15286.npz,False,1,0
image14890.npz,True,1,0
image1025.npz,False,1,0
image53.npz,False,1,0
image2339.npz,True,-1,0
image3492.npz,False,-1,0
image12455.npz,False,1,0
image5433.npz,False,1,0
image11447.npz,False,-1,0
image14650.npz,True,-1,0
image2199.npz,False,1,0
image15627.npz,True,1,0
image14098.npz,True,-1,0
image3236.npz,True,1,0
image7909.npz,True,1,0
image16299.npz,True,1,0
image5677.npz,False,-1,0
image16786.npz,False,1,0
image10507.npz,True,1,1
image18664.npz,True,-1,0
image18865.npz,False,1,0
image3149.npz,False,-1,0
image13893.npz,False,1,0
image16092.npz,False,-1,0
image3123.npz,False,1,0
image16993.npz,False,1,0
image5632.npz,False,1,0
image2925.npz,False,1,0
image18501.npz,False,-1,0
image18520.npz,False,1,0
image6227.npz,True,-1,0
image6947.npz,False,-1,0
image4358.npz,True,1,0
image13418.npz,False,-1,0
image11215.npz,False,1,0
image908.npz,False,1,0
image19474.npz,False,1,0
image3783.npz,False,-1,-1
image60.npz,False,-1,0
image17383.npz,False,-1,-1
image16309.npz,True,1,0
image2850.npz,False,1,1
image4878.npz,False,-1,0
image8397.npz,False,1,0
image15645.npz,False,-1,-1
image3930.npz,True,1,0
image14463.npz,True,-1,0
image13807.npz,False,-1,0
image16372.npz,True,1,1
image2082.npz,True,-1,0
image10650.npz,False,-1,0
image4936.npz,False,-1,0
image10003.npz,False,-1,0
image7024.npz,True,-1,0
image6654.npz,False,-1,0
image11334.npz,True,1,0
image15799.npz,True,1,0
image16842.npz,False,1,0
image4643.npz,True,-1,0
image7970.npz,False,1,1
image14732.npz,False,1,0
image1804.npz,False,1,0
image9380.npz,True,1,0
image8634.npz,True,-1,0
image6182.npz,True,-1,0
image6407.npz,True,-1,0
image13373.npz,False,-1,0
image11253.npz,False,1,0
image13054.npz,True,1,0
image10072.npz,True,1,0
image7702.npz,True,1,0
image3973.npz,True,1,0
image11547.npz,False,1,0
image11342.npz,False,-1,0
image8593.npz,False,1,0
image18107.npz,False,1,0
image18787.npz,False,1,0
image2546.npz,False,1,0
image13934.npz,False,-1,0
image9598.npz,True,1,0
image10028.npz,False,1,0
image4092.npz,False,1,0
image6935.npz,True,-1,0
image9950.npz,True,-1,-1
image14854.npz,True,1,0
image19020.npz,False,1,0
image18821.npz,False,1,0
image5604.npz,False,1,0
image6634.npz,True,-1,0
image11798.npz,False,1,0
image3106.npz,False,-1,0
image16005.npz,False,1,0
image10548.npz,False,1,0
image14976.npz,False,1,0
image16602.npz,True,-1,0
image10309.npz,False,-1,0
image3188.npz,False,-1,-1
image8851.npz,False,-1,0
image9004.npz,False,1,0
image1893.npz,False,1,0
image17360.npz,False,-1,0
image770.npz,False,1,0
image6762.npz,False,-1,0
image1114.npz,False,1,0
image16546.npz,False,1,0
image18469.npz,False,1,0
image14665.npz,False,-1,0
image19185.npz,True,-1,0
image10780.npz,True,-1,0
image7103.npz,True,1,0
image10174.npz,False,-1,0
image300.npz,True,-1,-1
image8165.npz,True,1,0
image3921.npz,False,-1,0
image14695.npz,True,-1,-1
image3487.npz,False,-1,0
image12528.npz,False,-1,0
image18041.npz,False,1,1
image14123.npz,True,-1,0
image7645.npz,True,-1,0
image2959.npz,False,1,0
image10297.npz,False,1,0
image10348.npz,True,-1,-1
image18342.npz,True,-1,0
image8683.npz,False,-1,0
image8983.npz,False,-1,0
image15033.npz,True,1,1
image10795.npz,False,-1,0
image3387.npz,False,-1,0
image3738.npz,False,-1,0
image601.npz,False,1,0
image722.npz,False,1,0
image16887.npz,False,1,0
image7835.npz,False,-1,0
image10200.npz,False,-1,-1
image11254.npz,True,-1,0
image14496.npz,False,1,0
image14782.npz,False,1,0
image11410.npz,False,1,0
image7432.npz,False,-1,-1
image2134.npz,False,1,0
image1099.npz,True,-1,0
image3294.npz,False,1,0
image2453.npz,False,-1,0
image17159.npz,False,1,0
image1412.npz,False,1,0
image16988.npz,False,-1,0
image9549.npz,True,1,0
image1146.npz,False,-1,0
image1441.npz,True,1,0
image6608.npz,False,1,0
image5896.npz,False,1,0
image9287.npz,False,1,0
image13170.npz,False,-1,0
image14311.npz,True,-1,0
image19615.npz,False,-1,0
image10330.npz,False,-1,0
image2032.npz,False,1,0
image17954.npz,False,1,1
image14030.npz,False,1,0
image4392.npz,False,1,0
image17472.npz,False,1,0
image2877.npz,True,-1,0
image2387.npz,False,-1,0
image2531.npz,True,-1,0
image10339.npz,True,1,0
image4013.npz,True,-1,0
image2133.npz,True,-1,-1
image15194.npz,True,1,0
image9322.npz,True,1,0
image64.npz,True,-1,0
image16457.npz,True,1,0
image2576.npz,False,-1,0
image10620.npz,True,-1,0
image12635.npz,True,1,1
image14051.npz,False,1,0
image12323.npz,False,1,0
image17180.npz,False,1,0
image13246.npz,False,1,0
image7728.npz,False,1,0
image16569.npz,False,1,0
image0.npz,False,1,0
image6792.npz,True,-1,0
image9990.npz,True,-1,0
image12911.npz,False,1,0
image7683.npz,False,1,1
image68.npz,True,1,0
image18665.npz,False,-1,0
image17961.npz,False,1,0
image12197.npz,False,-1,-1
image12565.npz,False,1,0
image8072.npz,False,1,0
image15838.npz,False,-1,0
image17973.npz,True,-1,0
image8376.npz,False,-1,0
image13831.npz,False,-1,0
image16408.npz,False,1,0
image8659.npz,True,1,0
image12944.npz,False,-1,0
image5606.npz,True,-1,0
image12551.npz,True,-1,0
image6829.npz,False,1,0
image12128.npz,False,-1,0
image14661.npz,False,-1,0
image8002.npz,False,1,0
image17357.npz,False,-1,0
image12730.npz,False,-1,0
image10717.npz,False,1,0
image8215.npz,True,1,0
image7844.npz,False,1,0
image18806.npz,True,-1,-1
image19367.npz,False,-1,0
image7928.npz,False,1,0
image4118.npz,True,1,0
image18800.npz,False,1,0
image10956.npz,False,-1,0
image12906.npz,False,-1,-1
image14139.npz,False,-1,0
image14481.npz,False,1,0
image6543.npz,False,-1,0
image5715.npz,False,-1,0
image13134.npz,False,1,0
image16838.npz,False,-1,0
image9675.npz,False,-1,0
image2694.npz,True,1,0
image19280.npz,False,-1,-1
image6705.npz,False,-1,0
image14517.npz,False,1,0
image372.npz,False,-1,0
image15743.npz,False,-1,0
image5440.npz,False,1,1
image11887.npz,False,1,0
image17988.npz,False,1,0
image11308.npz,True,-1,0
image13442.npz,False,1,0
image18534.npz,False,1,0
image16913.npz,True,1,0
image4368.npz,False,1,0
image16426.npz,False,1,0
image5210.npz,False,1,0
image12725.npz,True,-1,0
image18982.npz,False,1,0
image15848.npz,False,-1,0
image4689.npz,False,-1,0
image4452.npz,False,1,0
image13703.npz,False,-1,0
image11033.npz,False,-1,0
image7914.npz,False,1,0
image17169.npz,False,-1,0
image12090.npz,True,1,0
image95.npz,False,-1,0
image9508.npz,True,1,0
image14467.npz,False,1,0
image12196.npz,False,-1,0
image2863.npz,False,-1,0
image7214.npz,False,-1,0
image18866.npz,False,-1,0
image7357.npz,True,-1,0
image3105.npz,True,-1,0
image6065.npz,False,-1,0
image6656.npz,True,-1,0
image12422.npz,False,1,0
image2581.npz,False,1,0
image16161.npz,False,-1,0
image2688.npz,False,-1,-1
image843.npz,False,-1,0
image13084.npz,False,-1,0
image2091.npz,False,-1,0
image18566.npz,False,1,0
image19392.npz,True,-1,0
image4815.npz,False,-1,-1
image12151.npz,False,-1,0
image14765.npz,False,1,0
image2394.npz,False,-1,0
image12186.npz,False,-1,0
image13061.npz,True,1,1
image13339.npz,False,-1,0
image18988.npz,False,1,0
image10961.npz,False,-1,0
image2784.npz,False,-1,0
image442.npz,True,-1,0
image16821.npz,False,1,0
image9790.npz,False,1,1
image6560.npz,True,-1,0
image12212.npz,False,-1,0
image15939.npz,False,-1,0
image17678.npz,True,-1,-1
image2727.npz,True,1,0
image6181.npz,False,-1,0
image11542.npz,True,-1,0
image7608.npz,True,-1,0
image9233.npz,True,1,0
image13914.npz,True,-1,-1
image3802.npz,True,-1,0
image11808.npz,True,-1,0
image11027.npz,True,-1,0
image4550.npz,True,-1,0
image10900.npz,True,1,0
image7451.npz,True,-1,0
image3335.npz,True,1,0
image15244.npz,True,-1,0
image1191.npz,False,-1,0
image2270.npz,True,1,0
image8845.npz,True,-1,0
image2880.npz,True,-1,0
image5306.npz,False,1,0
image7329.npz,False,-1,0
image984.npz,False,-1,0
image4160.npz,False,1,0
image586.npz,True,-1,-1
image17135.npz,False,1,1
image7888.npz,False,1,0
image10655.npz,False,-1,0
image15325.npz,False,1,1
image16276.npz,False,1,0
image16767.npz,False,-1,0
image10576.npz,True,1,0
image16315.npz,False,1,0
image15617.npz,False,-1,0
image17562.npz,False,-1,0
image19033.npz,False,-1,0
image10227.npz,False,-1,0
image14998.npz,False,-1,0
image8570.npz,True,-1,0
image7852.npz,False,1,1
image19268.npz,False,-1,0
image3454.npz,False,1,0
image11557.npz,False,1,0
image8678.npz,False,1,0
image777.npz,True,-1,-1
image18317.npz,False,-1,-1
image1060.npz,False,1,0
image6554.npz,True,-1,0
image6386.npz,False,1,0
image12809.npz,False,-1,0
image14865.npz,False,-1,0
image929.npz,False,1,0
image13140.npz,False,1,0
image5964.npz,False,-1,0
image1494.npz,False,-1,0
image4102.npz,False,-1,0
image2264.npz,True,-1,-1
image19057.npz,False,-1,0
image894.npz,False,-1,0
image676.npz,False,1,0
image6768.npz,False,-1,0
image16986.npz,True,-1,0
image17754.npz,False,-1,0
image930.npz,False,1,0
image5729.npz,False,-1,0
image9519.npz,False,-1,-1
image15563.npz,False,1,0
image7368.npz,False,1,0
image17536.npz,False,-1,0
image552.npz,False,1,0
image6787.npz,False,1,0
image4723.npz,False,1,0
image8649.npz,False,-1,0
image12132.npz,False,1,0
image13028.npz,False,1,0
image5481.npz,False,-1,0
image2760.npz,False,1,0
image18776.npz,True,1,0
image7528.npz,False,1,0
image11076.npz,True,1,0
image13124.npz,False,1,0
image6760.npz,False,-1,-1
image7619.npz,False,-1,0
image2927.npz,False,-1,-1
image1402.npz,False,-1,0
image967.npz,False,-1,0
image2080.npz,False,-1,0
image14037.npz,False,-1,0
image305.npz,False,-1,0
image11276.npz,False,-1,0
image17811.npz,False,1,0
image15948.npz,True,-1,0
image5799.npz,False,-1,0
image4965.npz,False,1,0
image13146.npz,False,-1,0
image6457.npz,False,-1,0
image986.npz,True,1,0
image813.npz,False,-1,0
image18010.npz,False,-1,0
image12258.npz,False,1,0
image1278.npz,False,1,0
image8337.npz,True,1,0
image13689.npz,False,-1,-1
image12274.npz,False,1,0
image11546.npz,False,1,0
image19594.npz,False,1,1
image5263.npz,False,-1,0
image16409.npz,False,1,0
image16955.npz,False,1,0
image3184.npz,False,-1,0
image4743.npz,False,1,0
image11829.npz,False,1,0
image13343.npz,True,1,0
image16518.npz,False,1,0
image4215.npz,False,1,0
image16100.npz,False,1,0
image18458.npz,False,-1,0
image1870.npz,False,-1,0
image13355.npz,False,-1,0
image12100.npz,False,-1,0
image13296.npz,False,-1,0
image1272.npz,False,1,0
image12951.npz,False,-1,0
image2097.npz,False,-1,0
image10676.npz,False,1,0
image5864.npz,False,-1,0
image17983.npz,False,-1,0
image13303.npz,False,1,0
image7444.npz,False,1,0
image4846.npz,False,1,1
image3145.npz,False,1,0
image15329.npz,False,1,0
image14258.npz,False,-1,0
image3304.npz,False,1,0
image5425.npz,False,1,0
image4338.npz,False,1,0
image18039.npz,True,-1,0
image7209.npz,True,-1,0
image6238.npz,False,-1,0
image4851.npz,False,1,0
image12547.npz,False,1,1
image16641.npz,False,-1,0
image18839.npz,True,-1,0
image18167.npz,False,1,0
image4562.npz,False,1,0
image18145.npz,False,-1,0
image5006.npz,False,-1,0
image16176.npz,False,1,0
image16855.npz,False,1,0
image9033.npz,True,-1,0
image3934.npz,False,1,1
image15522.npz,False,-1,0
image6245.npz,False,-1,0
image19457.npz,False,-1,-1
image3661.npz,True,-1,0
image7349.npz,True,1,0
image636.npz,True,-1,0
image15306.npz,True,1,0
image16582.npz,True,-1,0
image15546.npz,True,-1,0
image10461.npz,True,-1,0
image18557.npz,True,-1,0
image11480.npz,True,1,0
image16919.npz,True,-1,0
image17381.npz,True,1,0
image3510.npz,True,1,1
image15302.npz,True,1,0
image7027.npz,True,-1,0
image6868.npz,True,-1,0
image15413.npz,False,1,0
image12073.npz,False,-1,0
image4808.npz,True,-1,0
image3284.npz,False,-1,-1
image14902.npz,False,-1,0
image2231.npz,False,1,1
image18596.npz,False,-1,0
image17654.npz,False,-1,0
image15867.npz,False,1,0
image4952.npz,False,1,0
image17393.npz,False,1,0
image14846.npz,False,-1,0
image13599.npz,False,1,0
image19340.npz,False,1,0
image18608.npz,False,-1,0
image1710.npz,False,-1,-1
image14842.npz,False,1,0
image8436.npz,False,-1,-1
image9586.npz,False,1,0
image4415.npz,False,1,0
image4991.npz,False,1,0
image915.npz,True,1,0
image10496.npz,False,1,0
image15371.npz,False,1,0
image3400.npz,False,-1,0
image4882.npz,False,-1,0
image1620.npz,True,1,0
image3267.npz,False,1,0
image3918.npz,False,1,0
image8575.npz,False,-1,0
image6919.npz,False,1,0
image1889.npz,False,-1,0
image854.npz,False,-1,-1
image13695.npz,False,-1,0
image4678.npz,False,1,0
image14112.npz,False,-1,0
image3868.npz,True,1,0
image16941.npz,False,-1,0
image14832.npz,True,-1,0
image6142.npz,False,1,0
image4401.npz,True,1,0
image13743.npz,False,-1,0
image14240.npz,False,1,0
image4346.npz,False,-1,0
image13014.npz,True,1,1
image7208.npz,False,1,1
image1799.npz,False,1,0
image18741.npz,False,1,0
image4326.npz,True,-1,0
image11036.npz,False,-1,0
image16165.npz,False,-1,0
image2773.npz,False,-1,-1
image5244.npz,False,-1,0
image13724.npz,True,-1,0
image16042.npz,True,1,0
image7950.npz,True,1,0
image7112.npz,True,1,0
image2029.npz,False,1,0
image5007.npz,False,1,0
image1020.npz,False,1,0
image7690.npz,True,-1,0
image1879.npz,True,1,0
image9198.npz,False,-1,0
image728.npz,False,-1,0
image11527.npz,False,-1,-1
image18937.npz,False,-1,0
image16008.npz,True,-1,0
image18869.npz,False,1,0
image8201.npz,False,-1,-1
image8476.npz,False,-1,0
image19617.npz,False,-1,0
image12854.npz,False,1,1
image11637.npz,False,1,0
image16016.npz,False,1,0
image15806.npz,False,1,0
image3110.npz,False,-1,0
image14304.npz,False,-1,0
image4919.npz,False,-1,0
image12739.npz,False,-1,0
image12826.npz,False,1,0
image4369.npz,True,-1,-1
image1755.npz,False,1,0
image10125.npz,False,-1,0
image7291.npz,True,1,0
image18533.npz,False,1,0
image6577.npz,False,1,0
image17972.npz,False,1,0
image16418.npz,False,-1,0
image9042.npz,False,1,0
image15040.npz,False,-1,0
image18077.npz,False,1,0
image14144.npz,False,1,0
image13090.npz,True,1,0
image10542.npz,False,-1,0
image12532.npz,False,-1,0
image944.npz,False,1,0
image18751.npz,False,-1,0
image9868.npz,False,-1,-1
image15013.npz,True,1,0
image7814.npz,False,1,0
image9344.npz,False,-1,0
image3098.npz,False,1,0
image5937.npz,False,1,0
image12797.npz,False,1,0
image1623.npz,True,-1,0
image91.npz,True,1,0
image16847.npz,False,-1,0
image15528.npz,False,1,0
image9539.npz,False,-1,0
image13738.npz,False,-1,-1
image4385.npz,True,-1,0
image6684.npz,False,1,1
image16238.npz,True,-1,0
image17766.npz,True,1,0
image17957.npz,False,1,0
image422.npz,False,1,0
image4361.npz,True,1,0
image9185.npz,False,1,0
image2479.npz,False,1,0
image5601.npz,True,1,0
image2428.npz,False,-1,0
image10734.npz,False,-1,0
image5807.npz,False,-1,0
image15855.npz,True,1,1
image17903.npz,False,1,0
image2870.npz,False,-1,0
image2656.npz,False,-1,0
image16319.npz,False,1,0
image18198.npz,False,1,0
image12834.npz,False,1,0
image6511.npz,True,1,0
image2966.npz,False,1,0
image2569.npz,True,-1,0
image6171.npz,True,1,0
image18409.npz,False,-1,0
image14891.npz,False,1,1
image612.npz,False,1,0
image15129.npz,True,-1,0
image11460.npz,False,-1,0
image444.npz,False,1,0
image162.npz,True,-1,0
image3979.npz,False,-1,-1
image7323.npz,False,-1,0
image16296.npz,True,-1,0
image11316.npz,True,1,0
image541.npz,False,1,1
image18541.npz,True,-1,0
image2057.npz,False,-1,0
image18354.npz,False,1,0
image15742.npz,False,1,0
image16399.npz,False,1,0
image6879.npz,False,1,0
image5946.npz,False,1,0
image2913.npz,False,-1,0
image16700.npz,False,-1,-1
image17612.npz,False,1,0
image2685.npz,True,1,1
image7250.npz,False,-1,0
image14475.npz,False,1,0
image1688.npz,False,-1,-1
image16128.npz,False,-1,-1
image6220.npz,False,-1,0
image3461.npz,False,1,0
image4993.npz,True,-1,0
image8607.npz,False,1,1
image13453.npz,True,1,0
image8185.npz,True,1,0
image13587.npz,True,-1,0
image6783.npz,True,-1,0
image18831.npz,True,1,0
image7220.npz,True,-1,0
image19442.npz,True,-1,0
image5527.npz,True,-1,0
image8722.npz,True,-1,0
image6859.npz,True,1,0
image9093.npz,True,1,0
image17453.npz,True,1,1
image8557.npz,True,1,0
image19436.npz,True,-1,0
image3641.npz,True,1,0
image1304.npz,True,1,1
image12462.npz,False,1,0
image19570.npz,False,1,0
image16957.npz,True,1,0
image9802.npz,True,1,0
image10951.npz,True,-1,-1
image15843.npz,True,-1,0
image9283.npz,True,1,0
image12329.npz,False,1,0
image12537.npz,False,1,0
image6066.npz,False,1,0
image7391.npz,False,1,0
image8267.npz,False,-1,0
image8611.npz,False,-1,0
image16075.npz,True,-1,0
image11708.npz,False,1,0
image16094.npz,False,-1,0
image13449.npz,False,1,0
image3148.npz,False,-1,0
image15591.npz,False,1,0
image1982.npz,False,1,1
image5014.npz,False,1,0
image6278.npz,False,1,1
image18306.npz,False,1,0
image4365.npz,False,-1,0
image8400.npz,False,-1,-1
image7589.npz,False,-1,0
image3534.npz,False,-1,0
image3611.npz,False,1,0
image1981.npz,False,1,0
image11823.npz,False,-1,0
image19596.npz,False,1,0
image9219.npz,False,1,0
image14364.npz,False,1,0
image17751.npz,False,1,0
image551.npz,False,1,0
image19205.npz,False,1,0
image1752.npz,False,-1,0
image2099.npz,False,1,0
image16243.npz,False,-1,0
image17963.npz,False,-1,0
image7891.npz,False,1,0
image16898.npz,False,-1,0
image11577.npz,False,-1,0
image17066.npz,True,-1,0
image1762.npz,False,-1,0
image1076.npz,False,-1,0
image9863.npz,False,1,0
image1682.npz,False,1,0
image10240.npz,False,-1,0
image8044.npz,True,1,0
image17539.npz,True,-1,0
image7956.npz,False,-1,0
image1310.npz,False,-1,-1
image14243.npz,True,1,0
image9897.npz,True,-1,0
image16254.npz,False,-1,-1
image10229.npz,False,1,0
image13518.npz,False,-1,0
image17924.npz,False,-1,0
image13965.npz,False,-1,0
image8401.npz,False,-1,0
image1731.npz,False,-1,0
image11795.npz,False,1,0
image693.npz,False,-1,0
image17128.npz,False,-1,0
image6691.npz,True,1,0
image3069.npz,False,1,1
image14731.npz,True,1,0
image13565.npz,False,1,0
image17339.npz,False,1,0
image2815.npz,False,-1,0
image10008.npz,False,1,0
image4619.npz,False,1,1
image17902.npz,False,1,0
image5751.npz,True,-1,-1
image8136.npz,False,-1,0
image4124.npz,False,1,0
image13826.npz,False,1,0
image6363.npz,False,1,1
image5802.npz,True,1,0
image12994.npz,False,-1,0
image17277.npz,False,1,0
image3091.npz,False,1,1
image3599.npz,True,1,0
image7138.npz,False,-1,0
image10107.npz,True,-1,0
image3576.npz,True,1,0
image8630.npz,True,-1,0
image323.npz,True,-1,0
image11073.npz,True,1,0
image8285.npz,True,1,0
image11111.npz,True,-1,0
image17901.npz,True,1,0
image3801.npz,True,1,1
image1932.npz,True,-1,0
image17193.npz,True,1,0
image14287.npz,True,-1,0
image18925.npz,True,-1,0
image14575.npz,False,1,0
image16344.npz,False,-1,0
image7.npz,False,1,0
image7749.npz,False,-1,0
image16066.npz,True,1,0
image6597.npz,True,-1,0
image2965.npz,True,-1,0
image12515.npz,False,1,0
image15690.npz,False,-1,0
image912.npz,False,-1,-1
image18304.npz,True,-1,0
image11414.npz,False,-1,0
image17591.npz,False,1,0
image10116.npz,False,-1,0
image1247.npz,False,-1,0
image6518.npz,False,1,0
image13455.npz,False,-1,0
image14167.npz,False,-1,0
image13110.npz,False,1,0
image17532.npz,True,1,0
image11019.npz,False,1,0
image14827.npz,False,1,0
image452.npz,False,-1,0
image14229.npz,False,1,0
image5543.npz,True,-1,0
image6055.npz,False,1,0
image7657.npz,False,-1,0
image15607.npz,False,-1,0
image6460.npz,False,-1,0
image18207.npz,False,-1,-1
image14020.npz,False,-1,0
image18944.npz,False,1,0
image14986.npz,False,-1,0
image15151.npz,False,-1,0
image18330.npz,False,1,0
image10416.npz,True,-1,0
image11511.npz,False,-1,-1
image4647.npz,False,-1,0
image17899.npz,False,-1,0
image16852.npz,True,-1,0
image18219.npz,False,1,1
image211.npz,False,1,0
image17559.npz,True,-1,0
image15777.npz,False,1,0
image19651.npz,False,-1,0
image1111.npz,False,-1,0
image7100.npz,False,1,0
image14101.npz,False,1,0
image13000.npz,False,1,0
image2647.npz,True,1,0
image14901.npz,False,1,0
image12396.npz,False,-1,0
image14889.npz,False,-1,0
image2502.npz,False,-1,0
image9780.npz,True,1,0
image351.npz,True,-1,0
image5502.npz,True,-1,0
image2472.npz,True,1,0
image10626.npz,True,1,0
image927.npz,True,1,0
image4956.npz,False,1,0
image10009.npz,False,1,0
image13350.npz,False,-1,-1
image8591.npz,False,1,0
image9503.npz,False,-1,0
image5316.npz,False,-1,0
image8956.npz,False,-1,0
image12120.npz,False,-1,0
image14376.npz,False,-1,0
image3420.npz,False,-1,0
image6277.npz,True,-1,0
image14386.npz,True,1,0
image16346.npz,False,-1,0
image12479.npz,False,1,0
image582.npz,False,1,0
image4269.npz,False,-1,-1
image17267.npz,False,-1,0
image10264.npz,False,-1,0
image16202.npz,False,-1,0
image14211.npz,False,1,0
image1771.npz,False,1,1
image1770.npz,False,1,0
image1357.npz,False,1,0
image6800.npz,False,1,0
image2683.npz,False,1,0
image3156.npz,False,1,0
image11260.npz,False,-1,0
image1229.npz,False,-1,0
image8891.npz,False,-1,0
image10226.npz,False,-1,-1
image8258.npz,False,-1,0
image6493.npz,True,-1,-1
image19613.npz,True,-1,0
image90.npz,False,-1,0
image1128.npz,False,1,1
image15711.npz,False,-1,0
image10877.npz,False,1,1
image14285.npz,False,1,0
image799.npz,False,1,0
image16886.npz,True,1,0
image9152.npz,True,1,0
image1178.npz,False,1,0
image15797.npz,False,-1,-1
image1433.npz,False,1,0
image5636.npz,False,1,0
image9080.npz,True,-1,0
image1085.npz,False,1,0
image12138.npz,True,-1,0
image18863.npz,False,1,0
image4607.npz,False,-1,0
image10970.npz,True,1,0
image14503.npz,False,1,0
image11249.npz,True,1,0
image17063.npz,True,1,0
image16010.npz,True,-1,0
image14701.npz,False,-1,0
image19539.npz,True,1,0
image18329.npz,True,1,0
image14541.npz,False,1,1
image17650.npz,False,1,0
image13840.npz,False,-1,0
image11435.npz,True,-1,0
image2213.npz,True,-1,0
image11763.npz,True,1,0
image8232.npz,True,-1,0
image6905.npz,False,1,0
image11416.npz,False,1,0
image19160.npz,False,1,0
image7271.npz,False,-1,0
image16958.npz,False,-1,0
image9246.npz,False,-1,-1
image1238.npz,False,1,0
image858.npz,False,1,0
image19195.npz,False,1,0
image12662.npz,True,1,0
image9223.npz,False,-1,-1
image15240.npz,False,-1,0
image1141.npz,False,-1,0
image569.npz,False,1,0
image784.npz,True,-1,0
image4823.npz,False,-1,0
image11285.npz,True,-1,0
image17000.npz,False,1,0
image14759.npz,False,-1,0
image8525.npz,False,-1,-1
image19454.npz,False,-1,0
image532.npz,False,1,0
image5733.npz,False,1,0
image19152.npz,False,-1,0
image19585.npz,False,1,1
image8769.npz,True,-1,0
image4123.npz,True,1,0
image18274.npz,True,-1,0
image10887.npz,True,1,0
image4064.npz,False,-1,0
image14781.npz,False,-1,0
image2337.npz,False,-1,-1
image7200.npz,True,-1,-1
image18091.npz,True,1,0
image9047.npz,True,1,0
image8757.npz,True,-1,0
image15214.npz,True,-1,0
image4515.npz,True,-1,-1
image441.npz,True,1,0
image19339.npz,True,1,0
image4219.npz,True,-1,0
image7917.npz,False,-1,0
image17687.npz,False,1,0
image8944.npz,True,-1,-1
image18174.npz,False,1,0
image14252.npz,True,1,0
image7020.npz,True,1,0
image4182.npz,True,1,0
image11904.npz,False,1,0
image8347.npz,False,1,0
image193.npz,True,-1,0
image4398.npz,True,1,0
image14361.npz,False,-1,0
image13239.npz,False,-1,0
image5315.npz,True,-1,0
image14877.npz,False,-1,0
image4584.npz,False,1,0
image10667.npz,False,-1,0
image13784.npz,False,1,0
image6288.npz,True,1,0
image15710.npz,False,-1,0
image18555.npz,False,1,0
image15193.npz,True,-1,0
image19192.npz,False,-1,0
image19604.npz,False,-1,0
image19101.npz,False,-1,0
image3553.npz,False,1,0
image10384.npz,True,1,1
image164.npz,True,1,0
image10040.npz,True,-1,0
image8066.npz,False,1,0
image18604.npz,True,-1,0
image6098.npz,False,-1,-1
image13218.npz,False,1,0
image13190.npz,False,1,0
image8020.npz,True,1,0
image4645.npz,True,1,0
image13949.npz,False,1,0
image2614.npz,False,-1,0
image5666.npz,False,1,0
image5071.npz,False,1,1
image18184.npz,True,1,0
image3982.npz,False,-1,0
image6669.npz,True,-1,0
image3411.npz,False,-1,0
image4436.npz,False,-1,0
image9399.npz,False,1,0
image17078.npz,True,-1,0
image976.npz,False,-1,-1
image1795.npz,True,-1,-1
image14835.npz,True,-1,-1
image12558.npz,False,-1,0
image8254.npz,False,1,0
image15176.npz,False,1,0
image14815.npz,False,1,0
image13410.npz,True,-1,0
image7356.npz,True,1,0
image4080.npz,True,-1,0
image12431.npz,True,-1,0
image14806.npz,True,-1,0
image3757.npz,False,1,0
image3998.npz,False,1,0
image19083.npz,False,-1,0
image15390.npz,False,1,0
image29.npz,True,-1,0
image14843.npz,True,1,0
image5935.npz,True,-1,0
image10750.npz,False,1,0
image16404.npz,True,-1,0
image2667.npz,True,1,0
image2457.npz,True,1,1
image15685.npz,True,1,0
image2586.npz,True,1,0
image124.npz,True,1,0
image15899.npz,True,1,0
image6281.npz,True,1,1
image16639.npz,True,1,0
image2858.npz,False,1,0
image9343.npz,True,1,0
image6931.npz,True,1,0
image15396.npz,False,-1,0
image10880.npz,True,-1,0
image15947.npz,False,1,0
image8344.npz,True,1,0
image17944.npz,False,1,0
image6616.npz,False,-1,-1
image12185.npz,True,1,0
image16889.npz,True,1,0
image17696.npz,False,-1,0
image3122.npz,False,1,0
image11691.npz,True,-1,0
image148.npz,False,-1,0
image4011.npz,False,-1,0
image19164.npz,False,1,0
image3468.npz,False,1,0
image19512.npz,False,1,0
image133.npz,False,-1,0
image4717.npz,True,-1,0
image1721.npz,False,1,0
image8538.npz,True,-1,0
image5428.npz,False,-1,0
image10935.npz,True,-1,0
image15609.npz,False,1,0
image1503.npz,False,-1,-1
image2083.npz,False,1,0
image6209.npz,False,1,0
image18169.npz,False,-1,0
image17377.npz,True,-1,0
image6050.npz,False,1,0
image6962.npz,True,1,0
image6264.npz,False,-1,0
image921.npz,True,-1,0
image8736.npz,True,1,1
image7907.npz,True,-1,0
image888.npz,True,1,0
image9579.npz,True,1,0
image15857.npz,True,1,0
image13465.npz,True,1,0
image8866.npz,True,-1,0
image6938.npz,True,-1,0
image2895.npz,True,-1,0
image15168.npz,True,-1,0
image12036.npz,True,1,0
image15454.npz,False,-1,0
image3870.npz,False,-1,0
image1386.npz,True,1,0
image5943.npz,True,1,0
image15557.npz,True,-1,0
image9108.npz,True,-1,0
image13352.npz,False,-1,0
image13586.npz,False,1,1
image13791.npz,False,1,1
image11168.npz,True,-1,0
image8077.npz,False,1,0
image13305.npz,False,-1,0
image18633.npz,False,1,0
image7402.npz,False,1,0
image12781.npz,True,-1,0
image7463.npz,False,-1,0
image7395.npz,False,1,0
image5848.npz,False,1,0
image1404.npz,False,-1,0
image4939.npz,False,1,0
image9338.npz,False,1,0
image1163.npz,True,1,0
image15276.npz,False,1,0
image2488.npz,False,-1,0
image5333.npz,False,1,0
image3821.npz,True,-1,0
image3469.npz,True,1,0
image8414.npz,True,1,0
image19477.npz,True,-1,0
image15814.npz,True,1,0
image14679.npz,True,-1,0
image19169.npz,True,-1,0
image1325.npz,True,-1,-1
image16386.npz,True,-1,0
image16082.npz,True,-1,0
image9514.npz,True,1,1
image9132.npz,True,-1,0
image4004.npz,True,-1,0
image18901.npz,True,-1,0
image19207.npz,True,-1,0
image12040.npz,False,-1,0
image4838.npz,False,-1,-1
image501.npz,False,1,0
image2591.npz,False,-1,0
image10871.npz,False,-1,0
image3505.npz,False,1,0
image10445.npz,False,1,0
image2955.npz,False,-1,0
image2665.npz,False,-1,-1
image7302.npz,True,1,0
image16274.npz,True,-1,0
image15763.npz,False,1,1
image16879.npz,False,1,1
image15072.npz,False,1,0
image4120.npz,False,1,1
image10038.npz,False,1,0
image13044.npz,False,-1,0
image10285.npz,False,1,0
image8262.npz,False,1,0
image11707.npz,False,-1,0
image18494.npz,False,1,0
image3680.npz,False,1,0
image16567.npz,False,1,0
image4555.npz,False,-1,0
image8936.npz,False,-1,-1
image15693.npz,False,1,0
image4193.npz,False,-1,0
image7119.npz,False,1,0
image14085.npz,False,-1,0
image10659.npz,False,1,0
image3881.npz,False,-1,0
image19450.npz,False,-1,0
image1590.npz,False,1,0
image6512.npz,False,1,0
image1887.npz,False,1,0
image3880.npz,True,-1,0
image18718.npz,False,1,0
image17348.npz,False,-1,0
image3218.npz,False,1,1
image238.npz,False,1,0
image401.npz,False,1,1
image16240.npz,False,1,0
image3753.npz,True,1,1
image18672.npz,False,1,0
image17148.npz,False,-1,0
image8109.npz,False,1,0
image280.npz,False,-1,0
image10852.npz,True,1,0
image2771.npz,True,1,0
image12048.npz,True,1,0
image14670.npz,True,1,0
image11582.npz,True,-1,0
image17951.npz,True,1,0
image11136.npz,False,1,1
image1182.npz,True,-1,0
image18573.npz,True,-1,0
image13618.npz,True,-1,0
image14433.npz,True,1,0
image18878.npz,False,1,0
image14255.npz,True,1,0
image6021.npz,False,1,0
image10764.npz,True,1,0
image15301.npz,True,-1,0
image2571.npz,True,1,0
image14036.npz,True,1,0
image13960.npz,True,1,0
image1595.npz,False,-1,0
image18058.npz,False,-1,-1
image16424.npz,False,-1,0
image8052.npz,False,1,0
image18993.npz,True,1,0
image11384.npz,True,-1,0
image7635.npz,True,1,0
image13463.npz,False,-1,0
image5114.npz,False,1,0
image11240.npz,False,-1,0
image5897.npz,True,-1,0
image7447.npz,True,-1,0
image16683.npz,True,-1,0
image3038.npz,True,-1,0
image14913.npz,False,-1,0
image8689.npz,False,-1,0
image7425.npz,False,1,0
image13713.npz,False,-1,0
image12756.npz,True,1,0
image3824.npz,False,1,0
image2205.npz,True,1,0
image3796.npz,False,1,0
image6628.npz,False,1,0
image4169.npz,False,-1,0
image3850.npz,False,-1,-1
image13716.npz,False,1,0
image5209.npz,True,1,0
image13162.npz,False,-1,0
image7586.npz,False,-1,0
image12919.npz,False,1,0
image16116.npz,False,-1,0
image2975.npz,False,1,0
image18197.npz,True,-1,0
image1510.npz,False,1,0
image9577.npz,False,-1,0
image13799.npz,False,1,0
image11275.npz,True,1,0
image3178.npz,True,1,1
image10631.npz,True,1,0
image9750.npz,True,-1,0
image18286.npz,True,-1,0
image945.npz,True,-1,0
image14802.npz,True,-1,0
image2917.npz,False,-1,0
image10745.npz,True,-1,0
image1609.npz,True,-1,-1
image5866.npz,False,-1,0
image4671.npz,True,1,0
image5144.npz,True,-1,-1
image11042.npz,False,1,1
image4806.npz,True,1,0
image17756.npz,True,1,0
image17489.npz,False,1,0
image9635.npz,False,1,0
image8172.npz,True,-1,0
image9690.npz,False,1,0
image18218.npz,True,1,0
image12383.npz,False,-1,0
image19308.npz,False,1,0
image14290.npz,False,-1,-1
image11731.npz,False,1,0
image7277.npz,True,1,0
image12642.npz,True,1,0
image9953.npz,True,-1,-1
image16912.npz,False,-1,0
image9835.npz,False,1,0
image17813.npz,False,1,0
image10173.npz,False,1,0
image7958.npz,False,-1,0
image6845.npz,False,1,0
image5879.npz,False,-1,0
image12475.npz,False,-1,0
image7988.npz,True,1,0
image9436.npz,False,-1,0
image6478.npz,False,-1,0
image1509.npz,False,1,0
image14867.npz,False,1,0
image8161.npz,True,1,0
image9085.npz,False,1,0
image7343.npz,False,-1,0
image6370.npz,False,1,0
image3813.npz,False,-1,0
image8238.npz,False,1,0
image9136.npz,True,1,1
image16331.npz,False,-1,0
image7032.npz,False,-1,0
image11623.npz,False,-1,0
image18538.npz,True,1,0
image18975.npz,True,1,1
image6622.npz,False,-1,0
image2401.npz,True,1,0
image15725.npz,True,1,0
